step,elapsed_tokens,elapsed_examples,training_loss,training_sequence_accuracy,training_token_accuracy,validation_loss,validation_sequence_accuracy,validation_token_accuracy,classification/accuracy,classification/precision,classification/recall,classification/auroc,classification/auprc,classification/f1.0
1,729,1,0.060084870848014005,0.0,0.0,0.04931012342182139,0.0,0.0,,,,,,
2,1666,2,0.04648009640422496,0.0,0.0,,,,,,,,,
3,2651,3,0.03843571806989332,0.0,0.0,,,,,,,,,
4,3692,4,0.028686373647535783,0.0,0.5,,,,,,,,,
5,4637,5,0.020973116774680577,0.0,0.5,,,,,,,,,
6,5286,6,0.017786290195154708,1.0,1.0,,,,,,,,,
7,6271,7,0.015248896405112117,1.0,1.0,,,,,,,,,
8,7152,8,0.0467464409862963,0.0,0.0,,,,,,,,,
9,7769,9,0.016374539652761914,1.0,1.0,0.016557395195227507,1.0,1.0,,,,,,
10,8826,10,0.016363529838876702,1.0,1.0,,,,,,,,,
11,9571,11,0.017811164969878775,1.0,1.0,,,,,,,,,
12,10580,12,0.014196384502674277,1.0,1.0,,,,,,,,,
13,11949,13,0.035398047490443216,0.0,0.0,,,,,,,,,
14,12894,14,0.03391394831970193,0.0,0.0,,,,,,,,,
15,14119,15,0.03341608808451776,0.0,0.0,,,,,,,,,
16,15040,16,0.015282196427068457,0.0,0.5,,,,,,,,,
17,15841,17,0.029135790547546482,1.0,1.0,0.020400883474712722,0.0,0.5,,,,,,
18,16546,18,0.020839927854795767,0.0,0.5,,,,,,,,,
19,17179,19,0.019971460749602214,1.0,1.0,,,,,,,,,
20,17812,20,0.016622677115027486,1.0,1.0,,,,,,,,,
21,18509,21,0.02029862088864686,1.0,1.0,,,,,,,,,
22,19302,22,0.018815622302222026,1.0,1.0,,,,,,,,,
23,20495,23,0.011411173372880116,1.0,1.0,,,,,,,,,
24,21432,24,0.013920476583639084,1.0,1.0,,,,,,,,,
25,22145,25,0.040814431956946645,0.0,0.0,0.017605347547328027,0.0,0.5,,,,,,
26,22906,26,0.03229187396932076,0.0,0.0,,,,,,,,,
27,23491,27,0.029925330331113387,0.0,0.5,,,,,,,,,
28,24204,28,0.026868247612992387,1.0,1.0,,,,,,,,,
29,25437,29,0.027436881605298457,1.0,1.0,,,,,,,,,
30,26462,30,0.020624756652611004,0.0,0.0,,,,,,,,,
31,27135,31,0.017869843564790624,0.0,0.5,,,,,,,,,
32,28112,32,0.019423502953245218,1.0,1.0,,,,,,,,,
33,28881,33,0.0334624954370145,0.0,0.0,0.015109805912278552,1.0,1.0,,,,,,
34,29842,34,0.017088116510847122,1.0,1.0,,,,,,,,,
35,30483,35,0.015554647326838906,1.0,1.0,,,,,,,,,
36,31268,36,0.013017705810672145,1.0,1.0,,,,,,,,,
37,32229,37,0.018103432977609826,1.0,1.0,,,,,,,,,
38,33126,38,0.013559243085329952,1.0,1.0,,,,,,,,,
39,34103,39,0.017866424410323337,1.0,1.0,,,,,,,,,
40,34768,40,0.01580283926394823,1.0,1.0,,,,,,,,,
41,35649,41,0.015252436068915897,1.0,1.0,0.017082167775498737,1.0,1.0,,,,,,
42,36570,42,0.03509702251096417,0.0,0.0,,,,,,,,,
43,37171,43,0.017299321713663086,1.0,1.0,,,,,,,,,
44,37948,44,0.013803171286171699,1.0,1.0,,,,,,,,,
45,38629,45,0.01682067339770829,1.0,1.0,,,,,,,,,
46,39478,46,0.015363657271621823,1.0,1.0,,,,,,,,,
47,40231,47,0.014975565763269506,1.0,1.0,,,,,,,,,
48,41000,48,0.01636901556956554,1.0,1.0,,,,,,,,,
49,41681,49,0.017102354043981475,1.0,1.0,0.01992675760981547,1.0,1.0,,,,,,
50,42282,50,0.016070953442216828,1.0,1.0,,,,,,,,,
51,43011,51,0.013033184062632657,1.0,1.0,,,,,,,,,
52,44004,52,0.018326611999361316,1.0,1.0,,,,,,,,,
53,44781,53,0.013119009776078858,1.0,1.0,,,,,,,,,
54,45750,54,0.012604735305354296,1.0,1.0,,,,,,,,,
55,46511,55,0.019312826730194167,1.0,1.0,,,,,,,,,
56,47680,56,0.03590825159406334,0.0,0.0,,,,,,,,,
57,48489,57,0.01796742939851113,1.0,1.0,0.01381874796514137,1.0,1.0,,,,,,
58,49418,58,0.03482683683691723,0.0,0.0,,,,,,,,,
59,50323,59,0.017782089479899642,1.0,1.0,,,,,,,,,
60,51100,60,0.013480368439787296,1.0,1.0,,,,,,,,,
61,51813,61,0.015121060753771853,1.0,1.0,,,,,,,,,
62,52782,62,0.015820687908135594,1.0,1.0,,,,,,,,,
63,53631,63,0.0171861389824832,1.0,1.0,,,,,,,,,
64,54464,64,0.016467993912218006,1.0,1.0,,,,,,,,,
65,55225,65,0.029647917284604697,0.0,0.0,0.013371031850415093,1.0,1.0,,,,,,
66,55994,66,0.014273800708323528,1.0,1.0,,,,,,,,,
67,57419,67,0.02808328807762095,0.0,0.0,,,,,,,,,
68,58300,68,0.01450375476510575,1.0,1.0,,,,,,,,,
69,59133,69,0.013983908510438832,1.0,1.0,,,,,,,,,
70,60374,70,0.015090691400705803,1.0,1.0,,,,,,,,,
71,61047,71,0.016810327999254138,1.0,1.0,,,,,,,,,
72,62200,72,0.017912113081135116,1.0,1.0,,,,,,,,,
73,62969,73,0.017546353665886215,1.0,1.0,0.015121205406284529,1.0,1.0,,,,,,
74,63754,74,0.018904032466256486,1.0,1.0,,,,,,,,,
75,64539,75,0.015310010953114727,1.0,1.0,,,,,,,,,
76,65412,76,0.01287828961623337,1.0,1.0,,,,,,,,,
77,66813,77,0.016559149675448366,1.0,1.0,,,,,,,,,
78,67646,78,0.015375776066356608,1.0,1.0,,,,,,,,,
79,68535,79,0.012919996678536673,1.0,1.0,,,,,,,,,
80,69608,80,0.011872379349309903,1.0,1.0,,,,,,,,,
81,70433,81,0.014818837269697953,1.0,1.0,0.011998260174652761,1.0,1.0,,,,,,
82,71090,82,0.015950249765743364,1.0,1.0,,,,,,,,,
83,72291,83,0.019631109621873196,1.0,1.0,,,,,,,,,
84,72980,84,0.043693589115463366,0.0,0.0,,,,,,,,,
85,74445,85,0.015752649947326093,1.0,1.0,,,,,,,,,
86,75686,86,0.035027141567999784,0.0,0.0,,,,,,,,,
87,76375,87,0.020889633238171515,1.0,1.0,,,,,,,,,
88,76904,88,0.016283674484993786,1.0,1.0,,,,,,,,,
89,77649,89,0.016195714837591663,1.0,1.0,0.017678408578371767,1.0,1.0,,,,,,
90,78562,90,0.018436730154574654,1.0,1.0,,,,,,,,,
91,79563,91,0.016215619426130562,1.0,1.0,,,,,,,,,
92,80572,92,0.014896256718451666,1.0,1.0,,,,,,,,,
93,81829,93,0.0284694511205575,0.0,0.0,,,,,,,,,
94,82894,94,0.018867186184010266,1.0,1.0,,,,,,,,,
95,83903,95,0.017905682414452496,1.0,1.0,,,,,,,,,
96,84912,96,0.01815741328264873,1.0,1.0,,,,,,,,,
97,85817,97,0.014345597177482997,1.0,1.0,0.014180802323390763,1.0,1.0,,,,,,
98,87274,98,0.029003372056199114,1.0,1.0,,,,,,,,,
99,87947,99,0.015889811337996208,1.0,1.0,,,,,,,,,
100,88596,100,0.01603984223209966,1.0,1.0,,,,,,,,,
101,89485,101,0.016367540288862486,1.0,1.0,,,,,,,,,
102,90046,102,0.01629403524996844,1.0,1.0,,,,,,,,,
103,90839,103,0.017086901866672503,1.0,1.0,,,,,,,,,
104,91624,104,0.016395980909569747,1.0,1.0,,,,,,,,,
105,92689,105,0.012920124060605782,1.0,1.0,0.0198709150121907,1.0,1.0,,,,,,
106,93442,106,0.018083682921924166,1.0,1.0,,,,,,,,,
107,94275,107,0.016448944511427702,1.0,1.0,,,,,,,,,
108,95076,108,0.015093007044096813,1.0,1.0,,,,,,,,,
109,96405,109,0.031202021026701176,1.0,1.0,,,,,,,,,
110,97390,110,0.028244440211888905,1.0,1.0,,,,,,,,,
111,98135,111,0.014539545335100493,1.0,1.0,,,,,,,,,
112,98928,112,0.01471930351271764,1.0,1.0,,,,,,,,,
113,99761,113,0.01268576931190318,1.0,1.0,0.027689752139732703,1.0,1.0,,,,,,
114,100546,114,0.017652816182835297,1.0,1.0,,,,,,,,,
115,101299,115,0.016114279223365155,1.0,1.0,,,,,,,,,
116,101972,116,0.025664288348164036,1.0,1.0,,,,,,,,,
117,102837,117,0.027710860260844464,1.0,1.0,,,,,,,,,
118,103646,118,0.013937160268251814,1.0,1.0,,,,,,,,,
119,104495,119,0.0316021589295108,1.0,1.0,,,,,,,,,
120,105192,120,0.015159579953109507,1.0,1.0,,,,,,,,,
121,106049,121,0.014571731092586955,1.0,1.0,0.02867215769081526,1.0,1.0,,,,,,
122,106738,122,0.01602886632773154,1.0,1.0,,,,,,,,,
123,107371,123,0.011075344682866198,1.0,1.0,,,,,,,,,
124,108092,124,0.015413115862338475,1.0,1.0,,,,,,,,,
125,108797,125,0.01426846109555015,1.0,1.0,,,,,,,,,
126,109782,126,0.01907513795348663,1.0,1.0,,,,,,,,,
127,110423,127,0.013191940699201099,1.0,1.0,,,,,,,,,
128,111008,128,0.013956088509476135,1.0,1.0,,,,,,,,,
129,111833,129,0.016982247091944052,1.0,1.0,0.010736437909450605,1.0,1.0,,,,,,
130,112506,130,0.014806253137283577,1.0,1.0,,,,,,,,,
131,113539,131,0.01659379595631415,1.0,1.0,,,,,,,,,
132,114372,132,0.01475828314630742,1.0,1.0,,,,,,,,,
133,115045,133,0.016481973176282465,1.0,1.0,,,,,,,,,
134,116070,134,0.012599666606276217,1.0,1.0,,,,,,,,,
135,117055,135,0.025607477992090073,1.0,1.0,,,,,,,,,
136,117944,136,0.01474321774360203,1.0,1.0,,,,,,,,,
137,118985,137,0.012531035950774863,1.0,1.0,0.012177307351266571,1.0,1.0,,,,,,
138,119922,138,0.015272077923499314,1.0,1.0,,,,,,,,,
139,120627,139,0.016676780302768295,1.0,1.0,,,,,,,,,
140,121372,140,0.01567057769112512,1.0,1.0,,,,,,,,,
141,122069,141,0.014561479861054506,1.0,1.0,,,,,,,,,
142,122862,142,0.019746324132268015,1.0,1.0,,,,,,,,,
143,123751,143,0.015328126617917439,1.0,1.0,,,,,,,,,
144,124856,144,0.01306835107921328,1.0,1.0,,,,,,,,,
145,125561,145,0.013853478470383155,1.0,1.0,0.013784522866429113,1.0,1.0,,,,,,
146,126826,146,0.018417262319488707,1.0,1.0,,,,,,,,,
147,127763,147,0.016751458824612632,1.0,1.0,,,,,,,,,
148,128964,148,0.01673412455521726,1.0,1.0,,,,,,,,,
149,129957,149,0.01500151857611745,1.0,1.0,,,,,,,,,
150,130590,150,0.015445842434484195,1.0,1.0,,,,,,,,,
151,131263,151,0.01411349314744449,1.0,1.0,,,,,,,,,
152,132464,152,0.014099509815788414,1.0,1.0,,,,,,,,,
153,133153,153,0.015932226736485547,1.0,1.0,0.015459130812561716,1.0,1.0,,,,,,
154,133994,154,0.014057685691573759,1.0,1.0,,,,,,,,,
155,134947,155,0.014868898180876106,1.0,1.0,,,,,,,,,
156,135948,156,0.015039178772487104,1.0,1.0,,,,,,,,,
157,136525,157,0.01168109287614265,1.0,1.0,,,,,,,,,
158,137358,158,0.015131160711696076,1.0,1.0,,,,,,,,,
159,138063,159,0.020396773889448862,1.0,1.0,,,,,,,,,
160,138728,160,0.016994349276182853,1.0,1.0,,,,,,,,,
161,139657,161,0.014482458860739546,1.0,1.0,0.016652771355149122,1.0,1.0,,,,,,
162,140450,162,0.016952224616980708,1.0,1.0,,,,,,,,,
163,141131,163,0.026819950806207433,1.0,1.0,,,,,,,,,
164,142076,164,0.016609602590750377,1.0,1.0,,,,,,,,,
165,143461,165,0.024428098185421486,1.0,1.0,,,,,,,,,
166,144070,166,0.015156044707412468,1.0,1.0,,,,,,,,,
167,144871,167,0.015402851614623821,1.0,1.0,,,,,,,,,
168,145608,168,0.01386710254088324,1.0,1.0,,,,,,,,,
169,146241,169,0.016349042534732208,1.0,1.0,0.02749039651108948,1.0,1.0,,,,,,
170,147466,170,0.02556267350985451,1.0,1.0,,,,,,,,,
171,148507,171,0.009199043896098168,1.0,1.0,,,,,,,,,
172,149436,172,0.01803131927857229,1.0,1.0,,,,,,,,,
173,150981,173,0.025002508942526654,1.0,1.0,,,,,,,,,
174,152246,174,0.0234504904785487,1.0,1.0,,,,,,,,,
175,153711,175,0.031118231806690308,1.0,1.0,,,,,,,,,
176,154440,176,0.014272147071645806,1.0,1.0,,,,,,,,,
177,155129,177,0.018901931173339513,1.0,1.0,0.014800305915820546,1.0,1.0,,,,,,
178,156082,178,0.015731761453105092,1.0,1.0,,,,,,,,,
179,156915,179,0.015661962003884557,1.0,1.0,,,,,,,,,
180,158012,180,0.014690594438210894,1.0,1.0,,,,,,,,,
181,158917,181,0.01567933781497654,1.0,1.0,,,,,,,,,
182,159598,182,0.01424923385374101,1.0,1.0,,,,,,,,,
183,160295,183,0.014766262443303011,1.0,1.0,,,,,,,,,
184,161200,184,0.016158136409125126,1.0,1.0,,,,,,,,,
185,161897,185,0.01612312919317861,1.0,1.0,0.016201874164226672,1.0,1.0,,,,,,
186,162402,186,0.015201881781415055,1.0,1.0,,,,,,,,,
187,163011,187,0.012241525842107779,1.0,1.0,,,,,,,,,
188,163652,188,0.012685494149202982,1.0,1.0,,,,,,,,,
189,164701,189,0.02076185230227989,1.0,1.0,,,,,,,,,
190,165398,190,0.01711546324399596,1.0,1.0,,,,,,,,,
191,166375,191,0.01517947031877616,1.0,1.0,,,,,,,,,
192,167160,192,0.015754739119495275,1.0,1.0,,,,,,,,,
193,168401,193,0.015341053451321049,1.0,1.0,0.015568787739396607,1.0,1.0,,,,,,
194,169522,194,0.016882054869240246,1.0,1.0,,,,,,,,,
195,170635,195,0.016929764988715523,1.0,1.0,,,,,,,,,
196,171676,196,0.014322800048424065,1.0,1.0,,,,,,,,,
197,172373,197,0.014812795419930245,1.0,1.0,,,,,,,,,
198,173742,198,0.03985798762379924,0.0,0.0,,,,,,,,,
199,174479,199,0.014485995877373094,1.0,1.0,,,,,,,,,
200,175120,200,0.013514063883922607,1.0,1.0,,,,,,,,,
201,175729,201,0.01414568266073037,1.0,1.0,0.013011620392722998,1.0,1.0,,,,,,
202,177042,202,0.04127479692760001,0.0,0.0,,,,,,,,,
203,177915,203,0.014604773271514037,1.0,1.0,,,,,,,,,
204,178804,204,0.014570714568560314,1.0,1.0,,,,,,,,,
205,179877,205,0.013933570007235234,1.0,1.0,,,,,,,,,
206,180942,206,0.031607599965056236,0.0,0.0,,,,,,,,,
207,181631,207,0.015123325309080544,1.0,1.0,,,,,,,,,
208,182288,208,0.016377033026793827,1.0,1.0,,,,,,,,,
209,183017,209,0.013547642044993011,1.0,1.0,0.015717257253229255,1.0,1.0,,,,,,
210,183914,210,0.01818346199967057,1.0,1.0,,,,,,,,,
211,184771,211,0.01503599834629557,1.0,1.0,,,,,,,,,
212,185604,212,0.01667741589741051,1.0,1.0,,,,,,,,,
213,186725,213,0.01278258067054176,1.0,1.0,,,,,,,,,
214,187430,214,0.0148142638121637,1.0,1.0,,,,,,,,,
215,188199,215,0.014743384261732193,1.0,1.0,,,,,,,,,
216,189056,216,0.011561977230154332,1.0,1.0,,,,,,,,,
217,189705,217,0.018027486626890552,1.0,1.0,0.029752086652255108,0.0,0.0,,,,,,
218,190530,218,0.014880029875288686,1.0,1.0,,,,,,,,,
219,191411,219,0.013085265125229924,1.0,1.0,,,,,,,,,
220,192308,220,0.016442358692312236,1.0,1.0,,,,,,,,,
221,193405,221,0.03140839273118895,0.0,0.0,,,,,,,,,
222,194134,222,0.01665843786007042,1.0,1.0,,,,,,,,,
223,194975,223,0.015265969167405705,1.0,1.0,,,,,,,,,
224,196240,224,0.0299485166167552,1.0,1.0,,,,,,,,,
225,197361,225,0.014886141983823174,1.0,1.0,0.016766654883947924,1.0,1.0,,,,,,
226,198194,226,0.01595620419166695,1.0,1.0,,,,,,,,,
227,198883,227,0.011549205962253914,1.0,1.0,,,,,,,,,
228,199700,228,0.01471178403920935,1.0,1.0,,,,,,,,,
229,200589,229,0.01385159936166265,1.0,1.0,,,,,,,,,
230,201278,230,0.01697981524131571,1.0,1.0,,,,,,,,,
231,202391,231,0.012626216809040323,1.0,1.0,,,,,,,,,
232,203328,232,0.015893504269733853,1.0,1.0,,,,,,,,,
233,204329,233,0.015328135862429218,1.0,1.0,0.015345148215265742,1.0,1.0,,,,,,
234,205170,234,0.01881789488956744,1.0,1.0,,,,,,,,,
235,205819,235,0.016761618087237515,1.0,1.0,,,,,,,,,
236,206580,236,0.011788262337274225,1.0,1.0,,,,,,,,,
237,207285,237,0.01841231439268814,1.0,1.0,,,,,,,,,
238,207950,238,0.016534312254521726,1.0,1.0,,,,,,,,,
239,208807,239,0.012586403989896775,1.0,1.0,,,,,,,,,
240,209488,240,0.01631028470941775,1.0,1.0,,,,,,,,,
241,210369,241,0.013548462992593706,1.0,1.0,0.011830784876486016,1.0,1.0,,,,,,
242,211274,242,0.014524415676797712,1.0,1.0,,,,,,,,,
243,212267,243,0.013540485337358696,1.0,1.0,,,,,,,,,
244,213340,244,0.026454623720565118,1.0,1.0,,,,,,,,,
245,214557,245,0.02661499472098595,1.0,1.0,,,,,,,,,
246,215102,246,0.014719533868221257,1.0,1.0,,,,,,,,,
247,215919,247,0.01701089567107472,1.0,1.0,,,,,,,,,
248,216752,248,0.015658059417503718,1.0,1.0,,,,,,,,,
249,217609,249,0.01812258340525404,1.0,1.0,0.028098229338212054,1.0,1.0,,,,,,
250,218418,250,0.013961487541273505,1.0,1.0,,,,,,,,,
251,219155,251,0.015231309536875515,1.0,1.0,,,,,,,,,
252,219892,252,0.015602822688170958,1.0,1.0,,,,,,,,,
253,220661,253,0.01567508011606409,1.0,1.0,,,,,,,,,
254,221502,254,0.014464926924709225,1.0,1.0,,,,,,,,,
255,222407,255,0.015297256566353468,1.0,1.0,,,,,,,,,
256,223168,256,0.015221613024150014,1.0,1.0,,,,,,,,,
257,223825,257,0.015345692008659033,1.0,1.0,0.014088307157897816,1.0,1.0,,,,,,
258,224946,258,0.014290369503174558,1.0,1.0,,,,,,,,,
259,225587,259,0.015729936663136414,1.0,1.0,,,,,,,,,
260,226444,260,0.016552488264413127,1.0,1.0,,,,,,,,,
261,227413,261,0.015787026960347443,1.0,1.0,,,,,,,,,
262,228078,262,0.013602048091722215,1.0,1.0,,,,,,,,,
263,228935,263,0.014196600321613033,1.0,1.0,,,,,,,,,
264,229848,264,0.016551260638620568,1.0,1.0,,,,,,,,,
265,230633,265,0.01873980012787485,1.0,1.0,0.028130334182307683,1.0,1.0,,,,,,
266,231586,266,0.013165438418854732,1.0,1.0,,,,,,,,,
267,232251,267,0.013234613968772041,1.0,1.0,,,,,,,,,
268,232948,268,0.020437657491120996,1.0,1.0,,,,,,,,,
269,233709,269,0.015519417966817543,1.0,1.0,,,,,,,,,
270,234494,270,0.0153904504406366,1.0,1.0,,,,,,,,,
271,235079,271,0.015787116516372213,1.0,1.0,,,,,,,,,
272,236040,272,0.016040437353711166,1.0,1.0,,,,,,,,,
273,236761,273,0.013069697230821464,1.0,1.0,0.013410356474889452,1.0,1.0,,,,,,
274,237658,274,0.01707640211196236,1.0,1.0,,,,,,,,,
275,238579,275,0.016484768729391846,1.0,1.0,,,,,,,,,
276,239332,276,0.014955196914787255,1.0,1.0,,,,,,,,,
277,240389,277,0.01497558551052249,1.0,1.0,,,,,,,,,
278,241190,278,0.01413269124520379,1.0,1.0,,,,,,,,,
279,241999,279,0.01178490775976057,1.0,1.0,,,,,,,,,
280,242728,280,0.013357371549595385,1.0,1.0,,,,1.0,1.0,1.0,1.0,1.0,1.0
281,244185,281,0.028392972804342907,1.0,1.0,0.015908754625015464,1.0,1.0,,,,,,
282,244954,282,0.013517792787702876,1.0,1.0,,,,,,,,,
283,245859,283,0.013517005332550538,1.0,1.0,,,,,,,,,
284,246660,284,0.028554342151791458,1.0,1.0,,,,,,,,,
285,247901,285,0.03191951754737247,1.0,1.0,,,,,,,,,
286,248686,286,0.015340923755606908,1.0,1.0,,,,,,,,,
287,249615,287,0.013453610938351106,1.0,1.0,,,,,,,,,
288,250600,288,0.018530445337405443,1.0,1.0,,,,,,,,,
289,251825,289,0.029967991081004956,1.0,1.0,0.012548236149686079,1.0,1.0,,,,,,
290,253210,290,0.023633344390053174,1.0,1.0,,,,,,,,,
291,254051,291,0.014297536233207548,1.0,1.0,,,,,,,,,
292,254780,292,0.01708372151792641,1.0,1.0,,,,,,,,,
293,255541,293,0.014059770077860419,1.0,1.0,,,,,,,,,
294,256382,294,0.012902798623632089,1.0,1.0,,,,,,,,,
295,257039,295,0.014862848267853527,1.0,1.0,,,,,,,,,
296,258160,296,0.012139154117892284,1.0,1.0,,,,,,,,,
297,258857,297,0.018630798010445457,1.0,1.0,0.01451230538477687,1.0,1.0,,,,,,
298,259794,298,0.015981349330738522,1.0,1.0,,,,,,,,,
299,260483,299,0.01736528659836834,1.0,1.0,,,,,,,,,
300,261948,300,0.03036154327240805,1.0,1.0,,,,,,,,,
301,262853,301,0.01620445750081607,1.0,1.0,,,,,,,,,
302,263758,302,0.013856664183884319,1.0,1.0,,,,,,,,,
303,264695,303,0.014112155897990648,1.0,1.0,,,,,,,,,
304,265936,304,0.014627332109873272,1.0,1.0,,,,,,,,,
305,267153,305,0.025731784505785824,1.0,1.0,0.015030837885253176,1.0,1.0,,,,,,
306,267682,306,0.014386827382307768,1.0,1.0,,,,,,,,,
307,268267,307,0.013856083617488786,1.0,1.0,,,,,,,,,
308,269372,308,0.011997461104213798,1.0,1.0,,,,,,,,,
309,270245,309,0.013840662169248025,1.0,1.0,,,,,,,,,
310,271238,310,0.014136488573055866,1.0,1.0,,,,,,,,,
311,272663,311,0.026481109722453947,1.0,1.0,,,,,,,,,
312,273648,312,0.014231600017501561,1.0,1.0,,,,,,,,,
313,274489,313,0.012993033142427111,1.0,1.0,0.018167846882875593,1.0,1.0,,,,,,
314,275226,314,0.012448554593260759,1.0,1.0,,,,,,,,,
315,275987,315,0.028441781791543646,1.0,1.0,,,,,,,,,
316,276988,316,0.015252712315373484,1.0,1.0,,,,,,,,,
317,277493,317,0.013293828625703445,1.0,1.0,,,,,,,,,
318,278350,318,0.012754401269587549,1.0,1.0,,,,,,,,,
319,279143,319,0.013874924300768855,1.0,1.0,,,,,,,,,
320,279840,320,0.01357870464958402,1.0,1.0,,,,,,,,,
321,280801,321,0.017061663377923263,1.0,1.0,0.012957160306005355,1.0,1.0,,,,,,
322,281954,322,0.01694703007709441,1.0,1.0,,,,,,,,,
323,282691,323,0.013870222837247703,1.0,1.0,,,,,,,,,
324,283732,324,0.016506221175094846,1.0,1.0,,,,,,,,,
325,284629,325,0.015442839577709193,1.0,1.0,,,,,,,,,
326,285574,326,0.014140345523731284,1.0,1.0,,,,,,,,,
327,286215,327,0.011710734620426934,1.0,1.0,,,,,,,,,
328,287072,328,0.015196089886636814,1.0,1.0,,,,,,,,,
329,287769,329,0.015817906310054454,1.0,1.0,0.014579947731902156,1.0,1.0,,,,,,
330,288970,330,0.018804939192418976,1.0,1.0,,,,,,,,,
331,289803,331,0.015782712475314174,1.0,1.0,,,,,,,,,
332,290604,332,0.014172806601552828,1.0,1.0,,,,,,,,,
333,291437,333,0.011403628511268185,1.0,1.0,,,,,,,,,
334,292150,334,0.04470796414200482,0.0,0.0,,,,,,,,,
335,292879,335,0.012006853588823405,1.0,1.0,,,,,,,,,
336,293680,336,0.01262789494838674,1.0,1.0,,,,,,,,,
337,294633,337,0.015031555700734488,1.0,1.0,0.016270046365077572,1.0,1.0,,,,,,
338,295362,338,0.015631811022062746,1.0,1.0,,,,,,,,,
339,296459,339,0.02679277493711468,0.0,0.0,,,,,,,,,
340,297260,340,0.014361703691878665,1.0,1.0,,,,,,,,,
341,298301,341,0.011629597943710818,1.0,1.0,,,,,,,,,
342,298942,342,0.014632059223748457,1.0,1.0,,,,,,,,,
343,300407,343,0.015423193311651989,1.0,1.0,,,,,,,,,
344,301280,344,0.012048269622432599,1.0,1.0,,,,,,,,,
345,302505,345,0.024852763840384044,1.0,1.0,0.010299878277368854,1.0,1.0,,,,,,
346,303186,346,0.025642868303711566,1.0,1.0,,,,,,,,,
347,304243,347,0.013735070923342661,1.0,1.0,,,,,,,,,
348,304916,348,0.013233760061372963,1.0,1.0,,,,,,,,,
349,305661,349,0.013643442193814168,1.0,1.0,,,,,,,,,
350,306294,350,0.009688758896115297,1.0,1.0,,,,,,,,,
351,307271,351,0.014139698998038248,1.0,1.0,,,,,,,,,
352,307960,352,0.03132414495584462,1.0,1.0,,,,,,,,,
353,309289,353,0.03060178744422269,1.0,1.0,0.023624697088088207,1.0,1.0,,,,,,
354,310282,354,0.012323277750387418,1.0,1.0,,,,,,,,,
355,311355,355,0.012960372344629675,1.0,1.0,,,,,,,,,
356,312284,356,0.01753318182130806,1.0,1.0,,,,,,,,,
357,313245,357,0.014929117783224252,1.0,1.0,,,,,,,,,
358,314102,358,0.014166762688104987,1.0,1.0,,,,,,,,,
359,315087,359,0.013725135458483934,1.0,1.0,,,,,,,,,
360,315776,360,0.014640761788229548,1.0,1.0,,,,,,,,,
361,316457,361,0.01242207485790356,1.0,1.0,0.015272546021641473,1.0,1.0,,,,,,
362,317570,362,0.011769636931051063,1.0,1.0,,,,,,,,,
363,318355,363,0.01464824444994472,1.0,1.0,,,,,,,,,
364,319180,364,0.013332999199307768,1.0,1.0,,,,,,,,,
365,320413,365,0.027224957023789687,1.0,1.0,,,,,,,,,
366,321318,366,0.013410657940168848,1.0,1.0,,,,,,,,,
367,322343,367,0.01156747543116359,1.0,1.0,,,,,,,,,
368,323280,368,0.016270935145740517,1.0,1.0,,,,,,,,,
369,324161,369,0.013747443319398164,1.0,1.0,0.031294551402006904,1.0,1.0,,,,,,
370,324978,370,0.015714347575340692,1.0,1.0,,,,,,,,,
371,325859,371,0.013341601945078267,1.0,1.0,,,,,,,,,
372,326780,372,0.03168286408229308,0.0,0.0,,,,,,,,,
373,327477,373,0.014136841391804848,1.0,1.0,,,,,,,,,
374,328094,374,0.014137508484545742,1.0,1.0,,,,,,,,,
375,328927,375,0.013362904273942131,1.0,1.0,,,,,,,,,
376,329896,376,0.012019390471541259,1.0,1.0,,,,,,,,,
377,330561,377,0.011667825577208968,1.0,1.0,0.018027838776782157,1.0,1.0,,,,,,
378,331226,378,0.015151105295685684,1.0,1.0,,,,,,,,,
379,331979,379,0.013242867515114845,1.0,1.0,,,,,,,,,
380,332628,380,0.015713665479320172,1.0,1.0,,,,,,,,,
381,333341,381,0.027973071761975145,1.0,1.0,,,,,,,,,
382,333974,382,0.01453040675061687,1.0,1.0,,,,,,,,,
383,334663,383,0.019470362878346654,1.0,1.0,,,,,,,,,
384,335336,384,0.015297948440559369,1.0,1.0,,,,,,,,,
385,336001,385,0.012171140305136727,1.0,1.0,0.015817244304913814,1.0,1.0,,,,,,
386,336602,386,0.014840823319896302,1.0,1.0,,,,,,,,,
387,337379,387,0.012037878533090655,1.0,1.0,,,,,,,,,
388,338476,388,0.013614692032412055,1.0,1.0,,,,,,,,,
389,339197,389,0.014175200028862883,1.0,1.0,,,,,,,,,
390,339894,390,0.013330205273456608,1.0,1.0,,,,,,,,,
391,340727,391,0.014807245403832714,1.0,1.0,,,,,,,,,
392,341560,392,0.01468909216090343,1.0,1.0,,,,,,,,,
393,342625,393,0.01801209495017634,1.0,1.0,0.016478371360639538,1.0,1.0,,,,,,
394,343378,394,0.014628674487203001,1.0,1.0,,,,,,,,,
395,344171,395,0.015398582995592247,1.0,1.0,,,,,,,,,
396,344804,396,0.018001137711583497,1.0,1.0,,,,,,,,,
397,345573,397,0.013225550157063174,1.0,1.0,,,,,,,,,
398,346574,398,0.0146254548758421,1.0,1.0,,,,,,,,,
399,347471,399,0.015699572267388228,1.0,1.0,,,,,,,,,
400,348160,400,0.013799952188667794,1.0,1.0,,,,,,,,,
401,348825,401,0.015195446451929434,1.0,1.0,0.015622220534098445,1.0,1.0,,,,,,
402,349618,402,0.018162666944025078,1.0,1.0,,,,,,,,,
403,350371,403,0.016962477819686083,1.0,1.0,,,,,,,,,
404,351540,404,0.031703692701099864,1.0,1.0,,,,,,,,,
405,352213,405,0.024689156213264105,1.0,1.0,,,,,,,,,
406,353046,406,0.015081866875048026,1.0,1.0,,,,,,,,,
407,353815,407,0.016551698852444816,1.0,1.0,,,,,,,,,
408,354584,408,0.014139252325341273,1.0,1.0,,,,,,,,,
409,355529,409,0.025551190909402097,1.0,1.0,0.016237682905165435,1.0,1.0,,,,,,
410,356722,410,0.010614523504651509,1.0,1.0,,,,,,,,,
411,357675,411,0.012015627962863337,1.0,1.0,,,,,,,,,
412,358452,412,0.01224155294892253,1.0,1.0,,,,,,,,,
413,359341,413,0.01374244424110151,1.0,1.0,,,,,,,,,
414,360054,414,0.013405122469728572,1.0,1.0,,,,,,,,,
415,361031,415,0.018022096239885287,1.0,1.0,,,,,,,,,
416,361816,416,0.01754953973334643,1.0,1.0,,,,,,,,,
417,362649,417,0.014594435431100528,1.0,1.0,0.016952652588289006,1.0,1.0,,,,,,
418,363442,418,0.016598828634829456,1.0,1.0,,,,,,,,,
419,364283,419,0.01724038942370219,1.0,1.0,,,,,,,,,
420,365036,420,0.013326543693714967,1.0,1.0,,,,,,,,,
421,365741,421,0.015319384699893085,1.0,1.0,,,,,,,,,
422,366790,422,0.01982676300173555,1.0,1.0,,,,,,,,,
423,367759,423,0.014702830106740589,1.0,1.0,,,,,,,,,
424,368520,424,0.010785190397927972,1.0,1.0,,,,,,,,,
425,369401,425,0.012436238576042776,1.0,1.0,0.016462266776714956,1.0,1.0,,,,,,
426,369986,426,0.012348973048111589,1.0,1.0,,,,,,,,,
427,370659,427,0.0148629769028586,1.0,1.0,,,,,,,,,
428,371516,428,0.016995079547594574,1.0,1.0,,,,,,,,,
429,372429,429,0.017540408719726112,1.0,1.0,,,,,,,,,
430,373086,430,0.014678710111380696,1.0,1.0,,,,,,,,,
431,373647,431,0.014542239450925105,1.0,1.0,,,,,,,,,
432,374600,432,0.013800922316726487,1.0,1.0,,,,,,,,,
433,375609,433,0.016776767327400247,1.0,1.0,0.017041844311340603,1.0,1.0,,,,,,
434,377154,434,0.024306974077287505,1.0,1.0,,,,,,,,,
435,377971,435,0.013685867559579687,1.0,1.0,,,,,,,,,
436,378612,436,0.01142687454509406,1.0,1.0,,,,,,,,,
437,379357,437,0.01602030759203189,1.0,1.0,,,,,,,,,
438,380366,438,0.01277792142670453,1.0,1.0,,,,,,,,,
439,381351,439,0.024538366331554443,1.0,1.0,,,,,,,,,
440,382176,440,0.015825841284151217,1.0,1.0,,,,,,,,,
441,383073,441,0.012104198063083433,1.0,1.0,0.015287093194159674,1.0,1.0,,,,,,
442,384274,442,0.013306590484025799,1.0,1.0,,,,,,,,,
443,385235,443,0.015979038894506286,1.0,1.0,,,,,,,,,
444,385956,444,0.011534626528683678,1.0,1.0,,,,,,,,,
445,386965,445,0.01702499411803465,1.0,1.0,,,,,,,,,
446,387638,446,0.01464670838185576,1.0,1.0,,,,,,,,,
447,388711,447,0.0252728209895334,1.0,1.0,,,,,,,,,
448,389560,448,0.03036103123067119,1.0,1.0,,,,,,,,,
449,390321,449,0.025126387074292274,1.0,1.0,0.01499520723053235,1.0,1.0,,,,,,
450,390978,450,0.013400631049703822,1.0,1.0,,,,,,,,,
451,391955,451,0.016715864755982378,1.0,1.0,,,,,,,,,
452,392764,452,0.010548408627875438,1.0,1.0,,,,,,,,,
453,393549,453,0.016291658207099127,1.0,1.0,,,,,,,,,
454,394814,454,0.022506245732663844,1.0,1.0,,,,,,,,,
455,395839,455,0.015459321574366173,1.0,1.0,,,,,,,,,
456,397096,456,0.02599567100405004,1.0,1.0,,,,,,,,,
457,397881,457,0.01716769810757759,1.0,1.0,0.01437014503123281,1.0,1.0,,,,,,
458,398954,458,0.011166992351311673,1.0,1.0,,,,,,,,,
459,399587,459,0.014879100204149008,1.0,1.0,,,,,,,,,
460,400988,460,0.010037826815892308,1.0,1.0,,,,,,,,,
461,401685,461,0.01860628022820587,1.0,1.0,,,,,,,,,
462,402574,462,0.013656260631859459,1.0,1.0,,,,,,,,,
463,403263,463,0.010199086832141647,1.0,1.0,,,,,,,,,
464,403912,464,0.014859034787542823,1.0,1.0,,,,,,,,,
465,404649,465,0.014112965789340959,1.0,1.0,0.011897741221360881,1.0,1.0,,,,,,
466,405330,466,0.015048377809177583,1.0,1.0,,,,,,,,,
467,406035,467,0.01653147985094289,1.0,1.0,,,,,,,,,
468,406972,468,0.014949624847541042,1.0,1.0,,,,,,,,,
469,407797,469,0.013736138533469488,1.0,1.0,,,,,,,,,
470,408566,470,0.014744393992465608,1.0,1.0,,,,,,,,,
471,409455,471,0.013762920354781332,1.0,1.0,,,,,,,,,
472,410160,472,0.01721381161510212,1.0,1.0,,,,,,,,,
473,411081,473,0.01249107184860379,1.0,1.0,0.01675523955046791,1.0,1.0,,,,,,
474,411842,474,0.013870427654947769,1.0,1.0,,,,,,,,,
475,412675,475,0.015347919109232116,1.0,1.0,,,,,,,,,
476,413412,476,0.01310417435584468,1.0,1.0,,,,,,,,,
477,413989,477,0.010052636734132077,1.0,1.0,,,,,,,,,
478,414734,478,0.014930042859054842,1.0,1.0,,,,,,,,,
479,415775,479,0.013474165442430058,1.0,1.0,,,,,,,,,
480,416384,480,0.013521135925002141,1.0,1.0,,,,,,,,,
481,417393,481,0.014204281155417279,1.0,1.0,0.02777960225299716,1.0,1.0,,,,,,
482,418098,482,0.013245494470788103,1.0,1.0,,,,,,,,,
483,418763,483,0.013905318312120427,1.0,1.0,,,,,,,,,
484,419596,484,0.014884836108013662,1.0,1.0,,,,,,,,,
485,420797,485,0.01572003341474567,1.0,1.0,,,,,,,,,
486,421342,486,0.01298107206638163,1.0,1.0,,,,,,,,,
487,422135,487,0.015597341185597264,1.0,1.0,,,,,,,,,
488,422744,488,0.013241300799429645,1.0,1.0,,,,,,,,,
489,423601,489,0.01344944676138342,1.0,1.0,0.0263187481203547,1.0,1.0,,,,,,
490,424450,490,0.015232577381430008,1.0,1.0,,,,,,,,,
491,425819,491,0.029303719099912542,1.0,1.0,,,,,,,,,
492,426524,492,0.0136717019571704,1.0,1.0,,,,,,,,,
493,427589,493,0.027124258047537573,1.0,1.0,,,,,,,,,
494,428270,494,0.015496149346080502,1.0,1.0,,,,,,,,,
495,429175,495,0.014740823905230698,1.0,1.0,,,,,,,,,
496,429760,496,0.015961964546337165,1.0,1.0,,,,,,,,,
497,430665,497,0.014595794908435674,1.0,1.0,0.016310555330713974,1.0,1.0,,,,,,
498,431650,498,0.02732891652805879,1.0,1.0,,,,,,,,,
499,432707,499,0.015083538116850623,1.0,1.0,,,,,,,,,
500,433492,500,0.013747933914198582,1.0,1.0,,,,,,,,,
501,434437,501,0.015697738768947308,1.0,1.0,,,,,,,,,
502,435198,502,0.01816564001048037,1.0,1.0,,,,,,,,,
503,436463,503,0.028920435864920883,1.0,1.0,,,,,,,,,
504,437504,504,0.008088266540285374,1.0,1.0,,,,,,,,,
505,438361,505,0.011395737413394622,1.0,1.0,0.03322636705646107,1.0,1.0,,,,,,
506,439394,506,0.015377815060555019,1.0,1.0,,,,,,,,,
507,440387,507,0.01723719313895161,1.0,1.0,,,,,,,,,
508,441356,508,0.014205398617578665,1.0,1.0,,,,,,,,,
509,442245,509,0.011880704557413139,1.0,1.0,,,,,,,,,
510,442974,510,0.01203205386096913,1.0,1.0,,,,,,,,,
511,443863,511,0.012661981271362125,1.0,1.0,,,,,,,,,
512,444792,512,0.03064859942033865,1.0,1.0,,,,,,,,,
513,445913,513,0.013979017961932932,1.0,1.0,0.018069150992224847,1.0,1.0,,,,,,
514,446514,514,0.015448689875019045,1.0,1.0,,,,,,,,,
515,447883,515,0.026690157265312455,1.0,1.0,,,,,,,,,
516,448516,516,0.013770564224170955,1.0,1.0,,,,,,,,,
517,449405,517,0.015019105306586086,1.0,1.0,,,,,,,,,
518,450102,518,0.013502488770802717,1.0,1.0,,,,,,,,,
519,450751,519,0.01612644006135118,1.0,1.0,,,,,,,,,
520,451392,520,0.014382989564414118,1.0,1.0,,,,,,,,,
521,452081,521,0.015576307189222661,1.0,1.0,0.01523960019110864,1.0,1.0,,,,,,
522,452938,522,0.010591248844393915,1.0,1.0,,,,,,,,,
523,453803,523,0.026836511583659343,1.0,1.0,,,,,,,,,
524,454492,524,0.014254404372467522,1.0,1.0,,,,,,,,,
525,455301,525,0.012418610651956034,1.0,1.0,,,,,,,,,
526,456150,526,0.013621037919574315,1.0,1.0,,,,,,,,,
527,457391,527,0.014028160557057355,1.0,1.0,,,,,,,,,
528,458064,528,0.013416570972200293,1.0,1.0,,,,,,,,,
529,458833,529,0.02847988183594581,1.0,1.0,0.013493792258949857,1.0,1.0,,,,,,
530,459954,530,0.01298034853410998,1.0,1.0,,,,,,,,,
531,460739,531,0.011415997821767056,1.0,1.0,,,,,,,,,
532,461348,532,0.010716388941686986,1.0,1.0,,,,,,,,,
533,462053,533,0.018149549993085802,1.0,1.0,,,,,,,,,
534,462862,534,0.012259365211465083,1.0,1.0,,,,,,,,,
535,463543,535,0.014959252023455993,1.0,1.0,,,,,,,,,
536,464464,536,0.014966117299870922,1.0,1.0,,,,,,,,,
537,465297,537,0.0138572514811483,1.0,1.0,0.009444576319224556,1.0,1.0,,,,,,
538,466418,538,0.016304278242931812,1.0,1.0,,,,,,,,,
539,467163,539,0.014590175742843946,1.0,1.0,,,,,,,,,
540,468428,540,0.017271715002585928,1.0,1.0,,,,,,,,,
541,469365,541,0.012370005222453928,1.0,1.0,,,,,,,,,
542,470430,542,0.012032363248296566,1.0,1.0,,,,,,,,,
543,471103,543,0.014328756328969827,1.0,1.0,,,,,,,,,
544,471800,544,0.014410572314287157,1.0,1.0,,,,,,,,,
545,472609,545,0.01623398506988906,1.0,1.0,0.01749584463483052,1.0,1.0,,,,,,
546,473258,546,0.01388476149011012,1.0,1.0,,,,,,,,,
547,474371,547,0.01563693430755584,1.0,1.0,,,,,,,,,
548,475148,548,0.011454367464711101,1.0,1.0,,,,,,,,,
549,476029,549,0.027518783890005918,1.0,1.0,,,,,,,,,
550,476910,550,0.012152034987034127,1.0,1.0,,,,,,,,,
551,477743,551,0.01226904469827001,1.0,1.0,,,,,,,,,
552,478384,552,0.012351287353833656,1.0,1.0,,,,,,,,,
553,479385,553,0.013544548911001266,1.0,1.0,0.017457005152646206,1.0,1.0,,,,,,
554,480090,554,0.011961588564538553,1.0,1.0,,,,,,,,,
555,480987,555,0.016769389554908674,1.0,1.0,,,,,,,,,
556,481772,556,0.01375129182100545,1.0,1.0,,,,,,,,,
557,483085,557,0.03477254037323442,1.0,1.0,,,,,,,,,
558,483998,558,0.014945184587021154,1.0,1.0,,,,,,,,,
559,484895,559,0.010770555808750882,1.0,1.0,,,,1.0,1.0,1.0,1.0,1.0,1.0
560,485424,560,0.012155928992476228,1.0,1.0,,,,,,,,,
561,486689,561,0.02112352071975789,1.0,1.0,0.011708230071794824,1.0,1.0,,,,,,
562,487602,562,0.016055652569212705,1.0,1.0,,,,,,,,,
563,488611,563,0.015144123482041765,1.0,1.0,,,,,,,,,
564,489404,564,0.013879863919657003,1.0,1.0,,,,,,,,,
565,490413,565,0.012835496799308975,1.0,1.0,,,,,,,,,
566,491462,566,0.018611620012630548,1.0,1.0,,,,,,,,,
567,492351,567,0.012814709167238971,1.0,1.0,,,,,,,,,
568,493448,568,0.024960738642248226,1.0,1.0,,,,,,,,,
569,494233,569,0.014635566758747744,1.0,1.0,0.028177179360425294,1.0,1.0,,,,,,
570,495154,570,0.02857186986063686,1.0,1.0,,,,,,,,,
571,495987,571,0.013363642543828998,1.0,1.0,,,,,,,,,
572,496676,572,0.008539287870375159,1.0,1.0,,,,,,,,,
573,497685,573,0.015140016775802064,1.0,1.0,,,,,,,,,
574,498518,574,0.010369735788208968,1.0,1.0,,,,,,,,,
575,499335,575,0.014686187536090542,1.0,1.0,,,,,,,,,
576,500456,576,0.012571862142295645,1.0,1.0,,,,,,,,,
577,501185,577,0.015270381039441085,1.0,1.0,0.014099164329487525,1.0,1.0,,,,,,
578,502170,578,0.022834445624371924,1.0,1.0,,,,,,,,,
579,503539,579,0.02543884208406998,1.0,1.0,,,,,,,,,
580,504532,580,0.013073066669917921,1.0,1.0,,,,,,,,,
581,505293,581,0.012063529706168155,1.0,1.0,,,,,,,,,
582,506838,582,0.023241724184945637,1.0,1.0,,,,,,,,,
583,507607,583,0.015243012700515608,1.0,1.0,,,,,,,,,
584,508296,584,0.029452618811622224,1.0,1.0,,,,,,,,,
585,509017,585,0.010296957391706697,1.0,1.0,0.01911623203586951,1.0,1.0,,,,,,
586,509858,586,0.011720244231724733,1.0,1.0,,,,,,,,,
587,510523,587,0.010451471177308576,1.0,1.0,,,,,,,,,
588,511380,588,0.009744778893797811,1.0,1.0,,,,,,,,,
589,512381,589,0.013535664641521868,1.0,1.0,,,,,,,,,
590,513070,590,0.01748437395180654,1.0,1.0,,,,,,,,,
591,514111,591,0.012210596664103828,1.0,1.0,,,,,,,,,
592,514896,592,0.009732347397893094,1.0,1.0,,,,,,,,,
593,515753,593,0.009199731150810178,1.0,1.0,0.01553612795827442,1.0,1.0,,,,,,
594,516722,594,0.012578750444511497,1.0,1.0,,,,,,,,,
595,517507,595,0.013273118358744356,1.0,1.0,,,,,,,,,
596,518548,596,0.015745756975855833,1.0,1.0,,,,,,,,,
597,519285,597,0.012408712367427379,1.0,1.0,,,,,,,,,
598,520062,598,0.010782723594213407,1.0,1.0,,,,,,,,,
599,520823,599,0.012540481264455563,1.0,1.0,,,,,,,,,
600,521800,600,0.01665314791334174,1.0,1.0,,,,,,,,,
601,522681,601,0.012613023576812345,1.0,1.0,0.02947922952413143,1.0,1.0,,,,,,
602,523338,602,0.011473568223259283,1.0,1.0,,,,,,,,,
603,524403,603,0.016922745264914506,1.0,1.0,,,,,,,,,
604,525340,604,0.015246318863978467,1.0,1.0,,,,,,,,,
605,526125,605,0.012010452843859312,1.0,1.0,,,,,,,,,
606,526958,606,0.01214412642550595,1.0,1.0,,,,,,,,,
607,527847,607,0.012201967338672872,1.0,1.0,,,,,,,,,
608,528672,608,0.014031313415338812,1.0,1.0,,,,,,,,,
609,529553,609,0.012308187600984045,1.0,1.0,0.016529965543919622,1.0,1.0,,,,,,
610,530498,610,0.013983059514971577,1.0,1.0,,,,,,,,,
611,531491,611,0.015350440101909469,1.0,1.0,,,,,,,,,
612,532388,612,0.014393446037620477,1.0,1.0,,,,,,,,,
613,533221,613,0.01302680828615274,1.0,1.0,,,,,,,,,
614,533854,614,0.013084551266432137,1.0,1.0,,,,,,,,,
615,535279,615,0.025807083480883293,1.0,1.0,,,,,,,,,
616,535984,616,0.011404756091216666,1.0,1.0,,,,,,,,,
617,536793,617,0.009540518286833881,1.0,1.0,0.0135884215570956,1.0,1.0,,,,,,
618,537442,618,0.014223742695934865,1.0,1.0,,,,,,,,,
619,538139,619,0.011966227747417341,1.0,1.0,,,,,,,,,
620,539060,620,0.012959525338804803,1.0,1.0,,,,,,,,,
621,539621,621,0.012599810589279897,1.0,1.0,,,,,,,,,
622,540790,622,0.030463986591985338,1.0,1.0,,,,,,,,,
623,541447,623,0.013042588177428316,1.0,1.0,,,,,,,,,
624,542088,624,0.010034903006009793,1.0,1.0,,,,,,,,,
625,543041,625,0.01102985412955158,1.0,1.0,0.017961650925806903,1.0,1.0,,,,,,
626,543690,626,0.012691156127465726,1.0,1.0,,,,,,,,,
627,544347,627,0.012827546033791007,1.0,1.0,,,,,,,,,
628,545180,628,0.010397820359326853,1.0,1.0,,,,,,,,,
629,545917,629,0.011183708717626356,1.0,1.0,,,,,,,,,
630,546774,630,0.011563569286598015,1.0,1.0,,,,,,,,,
631,547479,631,0.011998976492164536,1.0,1.0,,,,,,,,,
632,548336,632,0.01302674632811969,1.0,1.0,,,,,,,,,
633,549193,633,0.014000084758296092,1.0,1.0,0.016263810138422638,1.0,1.0,,,,,,
634,550170,634,0.01284446337797926,1.0,1.0,,,,,,,,,
635,551291,635,0.014761582960797342,1.0,1.0,,,,,,,,,
636,552556,636,0.02757691073846038,1.0,1.0,,,,,,,,,
637,553325,637,0.026486511618055375,1.0,1.0,,,,,,,,,
638,554062,638,0.012599610787813213,1.0,1.0,,,,,,,,,
639,554895,639,0.013648888097779335,1.0,1.0,,,,,,,,,
640,555504,640,0.011680926632095173,1.0,1.0,,,,,,,,,
641,556089,641,0.010301991539858484,1.0,1.0,0.019866870545157747,1.0,1.0,,,,,,
642,556802,642,0.011563655769258453,1.0,1.0,,,,,,,,,
643,557467,643,0.010679276930429409,1.0,1.0,,,,,,,,,
644,558172,644,0.015885180751159775,1.0,1.0,,,,,,,,,
645,558901,645,0.01381781516998528,1.0,1.0,,,,,,,,,
646,559542,646,0.010329257314255614,1.0,1.0,,,,,,,,,
647,560335,647,0.013542170284692423,1.0,1.0,,,,,,,,,
648,561064,648,0.010388029199728786,1.0,1.0,,,,,,,,,
649,561881,649,0.01188886279626254,1.0,1.0,0.012430103199205183,1.0,1.0,,,,,,
650,562578,650,0.011565472529739693,1.0,1.0,,,,,,,,,
651,563803,651,0.028715250133604937,1.0,1.0,,,,,,,,,
652,564468,652,0.011995153131104044,1.0,1.0,,,,,,,,,
653,565197,653,0.011866393985951846,1.0,1.0,,,,,,,,,
654,566030,654,0.013030796215900132,1.0,1.0,,,,,,,,,
655,567063,655,0.01404087422775328,1.0,1.0,,,,,,,,,
656,567736,656,0.01292690095158,1.0,1.0,,,,,,,,,
657,568617,657,0.025306410723853374,1.0,1.0,0.017105687122065033,1.0,1.0,,,,,,
658,569314,658,0.013109771408660487,1.0,1.0,,,,,,,,,
659,570155,659,0.012946857403320826,1.0,1.0,,,,,,,,,
660,570796,660,0.012355886563788603,1.0,1.0,,,,,,,,,
661,571869,661,0.023958727623845842,1.0,1.0,,,,,,,,,
662,572774,662,0.012700814773982837,1.0,1.0,,,,,,,,,
663,573471,663,0.014154048769219364,1.0,1.0,,,,,,,,,
664,574328,664,0.01529364644966279,1.0,1.0,,,,,,,,,
665,575001,665,0.012140182398203815,1.0,1.0,0.01618542688976289,1.0,1.0,,,,,,
666,575586,666,0.013405469758452358,1.0,1.0,,,,,,,,,
667,576803,667,0.024779413948460585,1.0,1.0,,,,,,,,,
668,577708,668,0.014321836583102017,1.0,1.0,,,,,,,,,
669,578533,669,0.012002467721188653,1.0,1.0,,,,,,,,,
670,579734,670,0.014390631189339309,1.0,1.0,,,,,,,,,
671,580367,671,0.012613009359331125,1.0,1.0,,,,,,,,,
672,581200,672,0.013209819146500396,1.0,1.0,,,,,,,,,
673,581953,673,0.011860752724547346,1.0,1.0,0.028515147717357307,1.0,1.0,,,,,,
674,582538,674,0.01230465520836277,1.0,1.0,,,,,,,,,
675,583299,675,0.009233983852219269,1.0,1.0,,,,,,,,,
676,584420,676,0.011945938891183745,1.0,1.0,,,,,,,,,
677,585445,677,0.01059202275655288,1.0,1.0,,,,,,,,,
678,586214,678,0.012732440253598487,1.0,1.0,,,,,,,,,
679,587047,679,0.013131287233207287,1.0,1.0,,,,,,,,,
680,587832,680,0.013905355038622112,1.0,1.0,,,,,,,,,
681,589289,681,0.0271216706740972,1.0,1.0,0.016144744571463813,1.0,1.0,,,,,,
682,590266,682,0.01536414027430381,1.0,1.0,,,,,,,,,
683,591147,683,0.010647362650402238,1.0,1.0,,,,,,,,,
684,591788,684,0.01268825563504632,1.0,1.0,,,,,,,,,
685,592477,685,0.013647270983331584,1.0,1.0,,,,,,,,,
686,593446,686,0.010774104465558827,1.0,1.0,,,,,,,,,
687,594447,687,0.012107143185652735,1.0,1.0,,,,,,,,,
688,595248,688,0.026465612051569245,1.0,1.0,,,,,,,,,
689,596449,689,0.017975449759806986,1.0,1.0,0.015465805900351553,1.0,1.0,,,,,,
690,597514,690,0.0108596606099444,1.0,1.0,,,,,,,,,
691,598419,691,0.013074080417287153,1.0,1.0,,,,,,,,,
692,599036,692,0.01228095802915359,1.0,1.0,,,,,,,,,
693,600149,693,0.010951642027961785,1.0,1.0,,,,,,,,,
694,601302,694,0.01595439452041993,1.0,1.0,,,,,,,,,
695,601983,695,0.013369514962337103,1.0,1.0,,,,,,,,,
696,603216,696,0.026046624335872928,1.0,1.0,,,,,,,,,
697,603913,697,0.012623871933621881,1.0,1.0,0.016515802683527658,1.0,1.0,,,,,,
698,604802,698,0.012300990463615035,1.0,1.0,,,,,,,,,
699,605571,699,0.011474262826483722,1.0,1.0,,,,,,,,,
700,606420,700,0.013621901494895098,1.0,1.0,,,,,,,,,
701,607213,701,0.012458480969321803,1.0,1.0,,,,,,,,,
702,608166,702,0.013650139854555746,1.0,1.0,,,,,,,,,
703,608855,703,0.013215547915915712,1.0,1.0,,,,,,,,,
704,609744,704,0.011290206349056421,1.0,1.0,,,,,,,,,
705,610681,705,0.010770392910325697,1.0,1.0,0.01575124639858219,1.0,1.0,,,,,,
706,611570,706,0.01218564839098528,1.0,1.0,,,,,,,,,
707,612571,707,0.013923925548805774,1.0,1.0,,,,,,,,,
708,613340,708,0.01227571620417646,1.0,1.0,,,,,,,,,
709,614045,709,0.014671367492642183,1.0,1.0,,,,,,,,,
710,614806,710,0.023357651168959867,1.0,1.0,,,,,,,,,
711,616175,711,0.027897844434247997,1.0,1.0,,,,,,,,,
712,617120,712,0.024187256098840926,1.0,1.0,,,,,,,,,
713,617753,713,0.015939655633967403,1.0,1.0,0.014396155637492785,1.0,1.0,,,,,,
714,618354,714,0.013173273207438102,1.0,1.0,,,,,,,,,
715,619163,715,0.010608864028395589,1.0,1.0,,,,,,,,,
716,620492,716,0.02947943817592355,1.0,1.0,,,,,,,,,
717,621733,717,0.030795913158845365,1.0,1.0,,,,,,,,,
718,622486,718,0.015230127936615646,1.0,1.0,,,,,,,,,
719,623455,719,0.01348307809976767,1.0,1.0,,,,,,,,,
720,624496,720,0.010467241215134425,1.0,1.0,,,,,,,,,
721,625761,721,0.015966221254623724,1.0,1.0,0.015940127787792236,1.0,1.0,,,,,,
722,626618,722,0.012158231041675937,1.0,1.0,,,,,,,,,
723,627675,723,0.012765540919108139,1.0,1.0,,,,,,,,,
724,628364,724,0.015861714983267414,1.0,1.0,,,,,,,,,
725,629053,725,0.0119999674872354,1.0,1.0,,,,,,,,,
726,629702,726,0.013790644218094929,1.0,1.0,,,,,,,,,
727,630599,727,0.014465643316514627,1.0,1.0,,,,,,,,,
728,631232,728,0.012027421755034816,1.0,1.0,,,,,,,,,
729,632217,729,0.012749323355985455,1.0,1.0,0.01806692940516504,1.0,1.0,,,,,,
730,633050,730,0.011897788974948562,1.0,1.0,,,,,,,,,
731,633835,731,0.01559037667778834,1.0,1.0,,,,,,,,,
732,634636,732,0.012531425139436616,1.0,1.0,,,,,,,,,
733,635333,733,0.011566808904680238,1.0,1.0,,,,,,,,,
734,636318,734,0.017094357146339553,1.0,1.0,,,,,,,,,
735,636999,735,0.012743459564723798,1.0,1.0,,,,,,,,,
736,637792,736,0.014324154472083841,1.0,1.0,,,,,,,,,
737,638489,737,0.016579344253499852,1.0,1.0,0.014959286564374842,1.0,1.0,,,,,,
738,639298,738,0.010405600112488967,1.0,1.0,,,,,,,,,
739,640003,739,0.010007339814652655,1.0,1.0,,,,,,,,,
740,640756,740,0.011758348531401128,1.0,1.0,,,,,,,,,
741,641637,741,0.010879489959933736,1.0,1.0,,,,,,,,,
742,643102,742,0.029377084442504888,1.0,1.0,,,,,,,,,
743,643783,743,0.013162705685747412,1.0,1.0,,,,,,,,,
744,644536,744,0.012984501596695529,1.0,1.0,,,,,,,,,
745,645313,745,0.009672357072943174,1.0,1.0,0.01421927746653001,1.0,1.0,,,,,,
746,646242,746,0.012116571524983225,1.0,1.0,,,,,,,,,
747,646819,747,0.00804321061555523,1.0,1.0,,,,,,,,,
748,647620,748,0.011735282230397978,1.0,1.0,,,,,,,,,
749,648405,749,0.011915929936907267,1.0,1.0,,,,,,,,,
750,649046,750,0.009070832931497264,1.0,1.0,,,,,,,,,
751,650431,751,0.022570730750737684,1.0,1.0,,,,,,,,,
752,651688,752,0.02453895668079101,1.0,1.0,,,,,,,,,
753,652393,753,0.013329352424181734,1.0,1.0,0.01829628383706122,1.0,1.0,,,,,,
754,653234,754,0.015754294807908745,1.0,1.0,,,,,,,,,
755,654139,755,0.01202947749017255,1.0,1.0,,,,,,,,,
756,655124,756,0.012994712831115704,1.0,1.0,,,,,,,,,
757,656181,757,0.013595198249376616,1.0,1.0,,,,,,,,,
758,657278,758,0.0123068669955527,1.0,1.0,,,,,,,,,
759,657951,759,0.01090661568620051,1.0,1.0,,,,,,,,,
760,659064,760,0.014440264916559404,1.0,1.0,,,,,,,,,
761,659673,761,0.01093950693703127,1.0,1.0,0.015347622125982296,1.0,1.0,,,,,,
762,660346,762,0.022657659051535356,1.0,1.0,,,,,,,,,
763,661387,763,0.007125369198066297,1.0,1.0,,,,,,,,,
764,662300,764,0.013359510362104718,1.0,1.0,,,,,,,,,
765,663109,765,0.014057546329241645,1.0,1.0,,,,,,,,,
766,664094,766,0.025732156851857743,1.0,1.0,,,,,,,,,
767,664855,767,0.015994558736887123,1.0,1.0,,,,,,,,,
768,665656,768,0.013005899250128928,1.0,1.0,,,,,,,,,
769,666361,769,0.014410428641073529,1.0,1.0,0.014371077596254288,1.0,1.0,,,,,,
770,667026,770,0.013387183199565948,1.0,1.0,,,,,,,,,
771,668035,771,0.011224816974487867,1.0,1.0,,,,,,,,,
772,668972,772,0.01271133545168617,1.0,1.0,,,,,,,,,
773,669909,773,0.013349354421797641,1.0,1.0,,,,,,,,,
774,670758,774,0.012273344000208955,1.0,1.0,,,,,,,,,
775,671607,775,0.028185152539448713,1.0,1.0,,,,,,,,,
776,672376,776,0.011952442393302615,1.0,1.0,,,,,,,,,
777,673329,777,0.012349277797142774,1.0,1.0,0.01249393718499745,1.0,1.0,,,,,,
778,674218,778,0.010251166519610916,1.0,1.0,,,,,,,,,
779,675139,779,0.010654237050700887,1.0,1.0,,,,,,,,,
780,675812,780,0.01283391768650939,1.0,1.0,,,,,,,,,
781,676749,781,0.01420227129576057,1.0,1.0,,,,,,,,,
782,677710,782,0.014545537222757874,1.0,1.0,,,,,,,,,
783,679111,783,0.008960733672577447,1.0,1.0,,,,,,,,,
784,679904,784,0.016248110606327887,1.0,1.0,,,,,,,,,
785,680809,785,0.012817939135143447,1.0,1.0,0.018048676555194782,1.0,1.0,,,,,,
786,681522,786,0.02669063413337968,1.0,1.0,,,,,,,,,
787,682267,787,0.012823461490593095,1.0,1.0,,,,,,,,,
788,682812,788,0.011011956658399765,1.0,1.0,,,,,,,,,
789,683741,789,0.01578300253875685,1.0,1.0,,,,,,,,,
790,684862,790,0.01098300779563549,1.0,1.0,,,,,,,,,
791,686175,791,0.033502607518100885,1.0,1.0,,,,,,,,,
792,686888,792,0.02515597168731147,1.0,1.0,,,,,,,,,
793,688353,793,0.014384960650263724,1.0,1.0,0.027810798377685533,1.0,1.0,,,,,,
794,689458,794,0.010642788174379029,1.0,1.0,,,,,,,,,
795,690235,795,0.010487331691416826,1.0,1.0,,,,,,,,,
796,690836,796,0.012852051668391309,1.0,1.0,,,,,,,,,
797,691765,797,0.028877005802579247,1.0,1.0,,,,,,,,,
798,692446,798,0.010106449495283,1.0,1.0,,,,,,,,,
799,693279,799,0.01438133050111899,1.0,1.0,,,,,,,,,
800,694120,800,0.011455487977946004,1.0,1.0,,,,,,,,,
801,694801,801,0.023746370755079543,1.0,1.0,0.012750435264561688,1.0,1.0,,,,,,
802,695498,802,0.016511346117298605,1.0,1.0,,,,,,,,,
803,696283,803,0.015818752495554155,1.0,1.0,,,,,,,,,
804,697484,804,0.012042435554886212,1.0,1.0,,,,,,,,,
805,698349,805,0.025076623549503647,1.0,1.0,,,,,,,,,
806,699222,806,0.010861706599271673,1.0,1.0,,,,,,,,,
807,699951,807,0.010944072048050809,1.0,1.0,,,,,,,,,
808,701192,808,0.013587848573203372,1.0,1.0,,,,,,,,,
809,702265,809,0.011867198896921458,1.0,1.0,0.01678449864233055,1.0,1.0,,,,,,
810,702770,810,0.011404406357820581,1.0,1.0,,,,,,,,,
811,703731,811,0.015294467887798353,1.0,1.0,,,,,,,,,
812,704804,812,0.009500833312980052,1.0,1.0,,,,,,,,,
813,705701,813,0.015195949564481786,1.0,1.0,,,,,,,,,
814,706366,814,0.013444957281495723,1.0,1.0,,,,,,,,,
815,707111,815,0.013669056041221815,1.0,1.0,,,,,,,,,
816,708056,816,0.012673906397084638,1.0,1.0,,,,,,,,,
817,708929,817,0.012336364482667212,1.0,1.0,0.010955300254689325,1.0,1.0,,,,,,
818,709602,818,0.01364980474445851,1.0,1.0,,,,,,,,,
819,710827,819,0.023873886065456276,1.0,1.0,,,,,,,,,
820,711548,820,0.012596451893322777,1.0,1.0,,,,,,,,,
821,712541,821,0.010896390237055124,1.0,1.0,,,,,,,,,
822,713782,822,0.012883218446274118,1.0,1.0,,,,,,,,,
823,714527,823,0.011914877740744536,1.0,1.0,,,,,,,,,
824,715720,824,0.009682677473562691,1.0,1.0,,,,,,,,,
825,716409,825,0.012134447667776292,1.0,1.0,0.016081772882880735,1.0,1.0,,,,,,
826,717314,826,0.012276418327100733,1.0,1.0,,,,,,,,,
827,718379,827,0.02557500843277923,1.0,1.0,,,,,,,,,
828,719124,828,0.01305030394568519,1.0,1.0,,,,,,,,,
829,720085,829,0.013578144921378196,1.0,1.0,,,,,,,,,
830,720822,830,0.011348904913543767,1.0,1.0,,,,,,,,,
831,721847,831,0.013927995967532816,1.0,1.0,,,,,,,,,
832,722672,832,0.011873962893008903,1.0,1.0,,,,,,,,,
833,723433,833,0.02694553249556786,1.0,1.0,0.01659419793696342,1.0,1.0,,,,,,
834,724082,834,0.012003680572312903,1.0,1.0,,,,,,,,,
835,724691,835,0.008517321370320498,1.0,1.0,,,,,,,,,
836,725324,836,0.008099499928473121,1.0,1.0,,,,,,,,,
837,725997,837,0.011652166333748127,1.0,1.0,,,,,,,,,
838,726830,838,0.011502682946296874,1.0,1.0,,,,,,,,,
839,727335,839,0.009430630485008652,1.0,1.0,,,,1.0,1.0,1.0,1.0,1.0,1.0
840,728320,840,0.011460559404900024,1.0,1.0,,,,,,,,,
841,728969,841,0.012349452531852384,1.0,1.0,0.015215571681380916,1.0,1.0,,,,,,
842,730282,842,0.0323909912361022,1.0,1.0,,,,,,,,,
843,731051,843,0.013641052692730958,1.0,1.0,,,,,,,,,
844,731780,844,0.010350193702788254,1.0,1.0,,,,,,,,,
845,732413,845,0.007021013265901949,1.0,1.0,,,,,,,,,
846,733150,846,0.010843276347635851,1.0,1.0,,,,,,,,,
847,734695,847,0.022242659311707623,1.0,1.0,,,,,,,,,
848,735304,848,0.009150179208529098,1.0,1.0,,,,,,,,,
849,735905,849,0.01117478220024547,1.0,1.0,0.013663274718557352,1.0,1.0,,,,,,
850,736450,850,0.009431927411312423,1.0,1.0,,,,,,,,,
851,737163,851,0.009582587330496202,1.0,1.0,,,,,,,,,
852,737820,852,0.011486707774095968,1.0,1.0,,,,,,,,,
853,738581,853,0.010987616403397515,1.0,1.0,,,,,,,,,
854,739494,854,0.01448586965734873,1.0,1.0,,,,,,,,,
855,740127,855,0.013711505465126776,1.0,1.0,,,,,,,,,
856,741064,856,0.011903740986588366,1.0,1.0,,,,,,,,,
857,741721,857,0.010742225700960234,1.0,1.0,0.014812823006269165,1.0,1.0,,,,,,
858,742370,858,0.010421480426179955,1.0,1.0,,,,,,,,,
859,743251,859,0.01103632079818574,1.0,1.0,,,,,,,,,
860,744140,860,0.011531380939433582,1.0,1.0,,,,,,,,,
861,745133,861,0.014011434685587992,1.0,1.0,,,,,,,,,
862,746014,862,0.010708202827400544,1.0,1.0,,,,,,,,,
863,746735,863,0.008613003834953902,1.0,1.0,,,,,,,,,
864,748120,864,0.021670720088627988,1.0,1.0,,,,,,,,,
865,748785,865,0.00817005263623399,1.0,1.0,0.014772369474998319,1.0,1.0,,,,,,
866,749858,866,0.010792007803269084,1.0,1.0,,,,,,,,,
867,750915,867,0.012452165381994567,1.0,1.0,,,,,,,,,
868,751724,868,0.00909904620472149,1.0,1.0,,,,,,,,,
869,752429,869,0.011624323893185433,1.0,1.0,,,,,,,,,
870,753158,870,0.012859474160449367,1.0,1.0,,,,,,,,,
871,753847,871,0.026698560600278903,1.0,1.0,,,,,,,,,
872,754576,872,0.0089316538564342,1.0,1.0,,,,,,,,,
873,755393,873,0.010371096288693177,1.0,1.0,0.015285840878051443,1.0,1.0,,,,,,
874,756338,874,0.012444798050160442,1.0,1.0,,,,,,,,,
875,757035,875,0.014842554403228979,1.0,1.0,,,,,,,,,
876,758028,876,0.011916335728913558,1.0,1.0,,,,,,,,,
877,758717,877,0.011717063740688859,1.0,1.0,,,,,,,,,
878,759974,878,0.023270008030474274,1.0,1.0,,,,,,,,,
879,760695,879,0.011099893039529395,1.0,1.0,,,,,,,,,
880,761536,880,0.009963507552785206,1.0,1.0,,,,,,,,,
881,762169,881,0.010328866713229098,1.0,1.0,0.028012958685105498,1.0,1.0,,,,,,
882,763002,882,0.0091234167296122,1.0,1.0,,,,,,,,,
883,764115,883,0.009691767747287989,1.0,1.0,,,,,,,,,
884,764788,884,0.010868124313286917,1.0,1.0,,,,,,,,,
885,765501,885,0.025015544946208255,1.0,1.0,,,,,,,,,
886,766294,886,0.014616309104000217,1.0,1.0,,,,,,,,,
887,767391,887,0.011152248640317953,1.0,1.0,,,,,,,,,
888,768192,888,0.010867804568478103,1.0,1.0,,,,,,,,,
889,768833,889,0.010729301818937685,1.0,1.0,0.031913368454333096,1.0,1.0,,,,,,
890,769602,890,0.02474588064130633,1.0,1.0,,,,,,,,,
891,770371,891,0.011031300377923828,1.0,1.0,,,,,,,,,
892,771180,892,0.008012990972390641,1.0,1.0,,,,,,,,,
893,772029,893,0.011739684997486262,1.0,1.0,,,,,,,,,
894,772710,894,0.008368377972129306,1.0,1.0,,,,,,,,,
895,773975,895,0.019752075567135888,1.0,1.0,,,,,,,,,
896,774672,896,0.012149552547024798,1.0,1.0,,,,,,,,,
897,775249,897,0.006547714497470963,1.0,1.0,0.017220389953284218,1.0,1.0,,,,,,
898,776106,898,0.012228310285084108,1.0,1.0,,,,,,,,,
899,776875,899,0.010373861618202097,1.0,1.0,,,,,,,,,
900,777772,900,0.009533777324116791,1.0,1.0,,,,,,,,,
901,778781,901,0.013529507554006651,1.0,1.0,,,,,,,,,
902,779470,902,0.007060458124233375,1.0,1.0,,,,,,,,,
903,780711,903,0.029595935364990132,1.0,1.0,,,,,,,,,
904,781520,904,0.012264437883720256,1.0,1.0,,,,,,,,,
905,782193,905,0.00895741535152797,1.0,1.0,0.010756004146337574,1.0,1.0,,,,,,
906,783234,906,0.014175483243717509,1.0,1.0,,,,,,,,,
907,783875,907,0.008819094866267661,1.0,1.0,,,,,,,,,
908,784796,908,0.026582139760249486,1.0,1.0,,,,,,,,,
909,785629,909,0.012139160832066549,1.0,1.0,,,,,,,,,
910,786566,910,0.013554966791711233,1.0,1.0,,,,,,,,,
911,787263,911,0.009552511444444946,1.0,1.0,,,,,,,,,
912,788368,912,0.009492784745346051,1.0,1.0,,,,,,,,,
913,789201,913,0.011596636634403345,1.0,1.0,0.011908190830825767,1.0,1.0,,,,,,
914,789906,914,0.012411056488573552,1.0,1.0,,,,,,,,,
915,790595,915,0.013935485627728214,1.0,1.0,,,,,,,,,
916,791228,916,0.010641871842556603,1.0,1.0,,,,,,,,,
917,791997,917,0.01051815296822585,1.0,1.0,,,,,,,,,
918,793462,918,0.028351084800898155,1.0,1.0,,,,,,,,,
919,794151,919,0.01075295060803557,1.0,1.0,,,,,,,,,
920,795216,920,0.02447754985355432,1.0,1.0,,,,,,,,,
921,796001,921,0.010405412366214197,1.0,1.0,0.01013799253436996,1.0,1.0,,,,,,
922,796786,922,0.011132621821526339,1.0,1.0,,,,,,,,,
923,797691,923,0.010393461429356135,1.0,1.0,,,,,,,,,
924,798628,924,0.012768706424313476,1.0,1.0,,,,,,,,,
925,799853,925,0.02704886142080657,1.0,1.0,,,,,,,,,
926,800694,926,0.01411733505390992,1.0,1.0,,,,,,,,,
927,801919,927,0.02285840135008855,1.0,1.0,,,,,,,,,
928,802776,928,0.011459078168272085,1.0,1.0,,,,,,,,,
929,803409,929,0.011015252290821904,1.0,1.0,0.033613282729996856,1.0,1.0,,,,,,
930,804330,930,0.011444550947816967,1.0,1.0,,,,,,,,,
931,805235,931,0.011472522534371572,1.0,1.0,,,,,,,,,
932,806092,932,0.008298891840281746,1.0,1.0,,,,,,,,,
933,806853,933,0.00791163355337028,1.0,1.0,,,,,,,,,
934,807822,934,0.00963147438760382,1.0,1.0,,,,,,,,,
935,808719,935,0.012732672869435472,1.0,1.0,,,,,,,,,
936,809400,936,0.011386155580586593,1.0,1.0,,,,,,,,,
937,810361,937,0.013896825870400795,1.0,1.0,0.027185554813195588,1.0,1.0,,,,,,
938,811138,938,0.008056816734924251,1.0,1.0,,,,,,,,,
939,812123,939,0.015608838811811361,1.0,1.0,,,,,,,,,
940,812916,940,0.010960611352468437,1.0,1.0,,,,,,,,,
941,813557,941,0.00758819067531458,1.0,1.0,,,,,,,,,
942,814790,942,0.024632907854440073,1.0,1.0,,,,,,,,,
943,815495,943,0.008506136659505201,1.0,1.0,,,,,,,,,
944,816416,944,0.009408908511553443,1.0,1.0,,,,,,,,,
945,817785,945,0.026743992276569848,1.0,1.0,0.016644929848707603,1.0,1.0,,,,,,
946,818666,946,0.009326104550025908,1.0,1.0,,,,,,,,,
947,819643,947,0.013599924063884496,1.0,1.0,,,,,,,,,
948,820332,948,0.010130554192220876,1.0,1.0,,,,,,,,,
949,821069,949,0.01070227118853972,1.0,1.0,,,,,,,,,
950,822190,950,0.010087117488152792,1.0,1.0,,,,,,,,,
951,823191,951,0.012464994215368947,1.0,1.0,,,,,,,,,
952,824592,952,0.008231604987110529,1.0,1.0,,,,,,,,,
953,825569,953,0.011295331266889457,1.0,1.0,0.017182493924356435,1.0,1.0,,,,,,
954,826266,954,0.010879222058712714,1.0,1.0,,,,,,,,,
955,827155,955,0.009975142813981314,1.0,1.0,,,,,,,,,
956,827980,956,0.010167115188221425,1.0,1.0,,,,,,,,,
957,828733,957,0.01023521620348554,1.0,1.0,,,,,,,,,
958,829662,958,0.014563219376924454,1.0,1.0,,,,,,,,,
959,830463,959,0.011530020743466294,1.0,1.0,,,,,,,,,
960,831408,960,0.011293943926511535,1.0,1.0,,,,,,,,,
961,832025,961,0.01028655966084076,1.0,1.0,0.01763188810428625,1.0,1.0,,,,,,
962,833082,962,0.011569299206314991,1.0,1.0,,,,,,,,,
963,833843,963,0.014378493647877851,1.0,1.0,,,,,,,,,
964,834636,964,0.012508731051488088,1.0,1.0,,,,,,,,,
965,835285,965,0.010605852856894304,1.0,1.0,,,,,,,,,
966,836222,966,0.011369497324279,1.0,1.0,,,,,,,,,
967,836895,967,0.011154213522531048,1.0,1.0,,,,,,,,,
968,837888,968,0.009774038895067236,1.0,1.0,,,,,,,,,
969,838985,969,0.023244813265740374,1.0,1.0,0.016075394812896753,1.0,1.0,,,,,,
970,840226,970,0.012690909757900923,1.0,1.0,,,,,,,,,
971,840931,971,0.009884010930929452,1.0,1.0,,,,,,,,,
972,842084,972,0.014385647105896283,1.0,1.0,,,,,,,,,
973,842941,973,0.008134203354671897,1.0,1.0,,,,,,,,,
974,843638,974,0.014725987775356992,1.0,1.0,,,,,,,,,
975,844495,975,0.01086580283925271,1.0,1.0,,,,,,,,,
976,845160,976,0.011375718797304087,1.0,1.0,,,,,,,,,
977,845889,977,0.008824277510596546,1.0,1.0,0.014637815067500108,1.0,1.0,,,,,,
978,846914,978,0.009118566548867552,1.0,1.0,,,,,,,,,
979,847987,979,0.022457343652090143,1.0,1.0,,,,,,,,,
980,849012,980,0.012744647005611452,1.0,1.0,,,,,,,,,
981,850021,981,0.013514181296033595,1.0,1.0,,,,,,,,,
982,851214,982,0.008960253989382768,1.0,1.0,,,,,,,,,
983,851879,983,0.010089123502747203,1.0,1.0,,,,,,,,,
984,852824,984,0.022533912874836696,1.0,1.0,,,,,,,,,
985,853553,985,0.011706388369717092,1.0,1.0,0.014543968151551354,1.0,1.0,,,,,,
986,854114,986,0.010550827536227554,1.0,1.0,,,,,,,,,
987,855155,987,0.00610530884158652,1.0,1.0,,,,,,,,,
988,856068,988,0.0119191769961259,1.0,1.0,,,,,,,,,
989,856773,989,0.013909337487165684,1.0,1.0,,,,,,,,,
990,857374,990,0.011021112654295574,1.0,1.0,,,,,,,,,
991,858207,991,0.010883160356159093,1.0,1.0,,,,,,,,,
992,858888,992,0.011021565736006758,1.0,1.0,,,,,,,,,
993,859641,993,0.013504750259861384,1.0,1.0,0.016086688870464216,1.0,1.0,,,,,,
994,860650,994,0.011445449760589598,1.0,1.0,,,,,,,,,
995,861467,995,0.012707147156395171,1.0,1.0,,,,,,,,,
996,862220,996,0.011147135720012528,1.0,1.0,,,,,,,,,
997,863181,997,0.013227791279609732,1.0,1.0,,,,,,,,,
998,864350,998,0.029226663512804296,1.0,1.0,,,,,,,,,
999,865135,999,0.012886437237069491,1.0,1.0,,,,,,,,,
1000,865912,1000,0.009066339101629604,1.0,1.0,,,,,,,,,
1001,866769,1001,0.009963709689587328,1.0,1.0,0.015323013340686103,1.0,1.0,,,,,,
1002,867706,1002,0.009617963721626016,1.0,1.0,,,,,,,,,
1003,868667,1003,0.012347828830296826,1.0,1.0,,,,,,,,,
1004,869788,1004,0.010784563626562365,1.0,1.0,,,,,,,,,
1005,870573,1005,0.012018217596888018,1.0,1.0,,,,,,,,,
1006,871270,1006,0.010742781436382269,1.0,1.0,,,,,,,,,
1007,872071,1007,0.010194852770088851,1.0,1.0,,,,,,,,,
1008,873040,1008,0.011101426253459857,1.0,1.0,,,,,,,,,
1009,873785,1009,0.011418892730778776,1.0,1.0,0.024435834883202005,1.0,1.0,,,,,,
1010,874770,1010,0.02451213570551621,1.0,1.0,,,,,,,,,
1011,875523,1011,0.009843415995848188,1.0,1.0,,,,,,,,,
1012,876988,1012,0.013586926255047215,1.0,1.0,,,,,,,,,
1013,877749,1013,0.021695152632181382,1.0,1.0,,,,,,,,,
1014,878590,1014,0.011095616310876667,1.0,1.0,,,,,,,,,
1015,879439,1015,0.026442692425671713,1.0,1.0,,,,,,,,,
1016,880440,1016,0.012069743090941646,1.0,1.0,,,,,,,,,
1017,881553,1017,0.013165957818116619,1.0,1.0,0.015597310822963475,1.0,1.0,,,,,,
1018,882242,1018,0.011828161606505742,1.0,1.0,,,,,,,,,
1019,882907,1019,0.011754973840052741,1.0,1.0,,,,,,,,,
1020,883740,1020,0.011648567260354166,1.0,1.0,,,,,,,,,
1021,884621,1021,0.009701279532656355,1.0,1.0,,,,,,,,,
1022,885294,1022,0.010437947118640566,1.0,1.0,,,,,,,,,
1023,885903,1023,0.007042281138882278,1.0,1.0,,,,,,,,,
1024,886808,1024,0.011142107168858821,1.0,1.0,,,,,,,,,
1025,887649,1025,0.010004246817906308,1.0,1.0,0.01292705323683829,1.0,1.0,,,,,,
1026,888538,1026,0.00874451675547886,1.0,1.0,,,,,,,,,
1027,889123,1027,0.009959630898632353,1.0,1.0,,,,,,,,,
1028,890196,1028,0.008497296898797965,1.0,1.0,,,,,,,,,
1029,890933,1029,0.010031465203947066,1.0,1.0,,,,,,,,,
1030,892150,1030,0.023377269975085622,1.0,1.0,,,,,,,,,
1031,893079,1031,0.010817338525993191,1.0,1.0,,,,,,,,,
1032,893904,1032,0.01191311682453233,1.0,1.0,,,,,,,,,
1033,894665,1033,0.0255336403482513,1.0,1.0,0.012789236076422536,1.0,1.0,,,,,,
1034,895562,1034,0.014048226437526064,1.0,1.0,,,,,,,,,
1035,896323,1035,0.010359426669948933,1.0,1.0,,,,,,,,,
1036,896988,1036,0.00877575183505412,1.0,1.0,,,,,,,,,
1037,898253,1037,0.014892076342997919,1.0,1.0,,,,,,,,,
1038,899454,1038,0.01117207713852032,1.0,1.0,,,,,,,,,
1039,900407,1039,0.011963910789464228,1.0,1.0,,,,,,,,,
1040,901152,1040,0.01157733676163576,1.0,1.0,,,,,,,,,
1041,901809,1041,0.00925415163643238,1.0,1.0,0.011890485534747511,1.0,1.0,,,,,,
1042,902642,1042,0.01119026891996797,1.0,1.0,,,,,,,,,
1043,903971,1043,0.02816682916940739,1.0,1.0,,,,,,,,,
1044,904980,1044,0.010114089411178322,1.0,1.0,,,,,,,,,
1045,905765,1045,0.010166457765464565,1.0,1.0,,,,,,,,,
1046,906614,1046,0.010988991822348837,1.0,1.0,,,,,,,,,
1047,907407,1047,0.0119677326776852,1.0,1.0,,,,,,,,,
1048,908080,1048,0.01054016106637502,1.0,1.0,,,,,,,,,
1049,909345,1049,0.026331235213007537,1.0,1.0,0.017807019355951376,1.0,1.0,,,,,,
1050,910378,1050,0.012617498230783569,1.0,1.0,,,,,,,,,
1051,911163,1051,0.014290703455822316,1.0,1.0,,,,,,,,,
1052,912140,1052,0.014738514706375232,1.0,1.0,,,,,,,,,
1053,912965,1053,0.010648919802804246,1.0,1.0,,,,,,,,,
1054,913798,1054,0.010402557934337609,1.0,1.0,,,,,,,,,
1055,914535,1055,0.008991739661599139,1.0,1.0,,,,,,,,,
1056,915408,1056,0.009626050809291943,1.0,1.0,,,,,,,,,
1057,916529,1057,0.011367288009472417,1.0,1.0,0.028339129482596537,1.0,1.0,,,,,,
1058,917298,1058,0.009649806800240659,1.0,1.0,,,,,,,,,
1059,918187,1059,0.010795871316393799,1.0,1.0,,,,,,,,,
1060,919052,1060,0.023728926598498793,1.0,1.0,,,,,,,,,
1061,919725,1061,0.020889108016712635,1.0,1.0,,,,,,,,,
1062,920430,1062,0.010470652395140901,1.0,1.0,,,,,,,,,
1063,921015,1063,0.008000593379023223,1.0,1.0,,,,,,,,,
1064,922216,1064,0.013254411623495147,1.0,1.0,,,,,,,,,
1065,923017,1065,0.02433261109287435,1.0,1.0,0.01024544172101445,1.0,1.0,,,,,,
1066,923626,1066,0.009448491690743906,1.0,1.0,,,,,,,,,
1067,924299,1067,0.011928984910630836,1.0,1.0,,,,,,,,,
1068,925340,1068,0.0110465719384675,1.0,1.0,,,,,,,,,
1069,926133,1069,0.011321372091215847,1.0,1.0,,,,,,,,,
1070,926718,1070,0.011132379098005525,1.0,1.0,,,,,,,,,
1071,927503,1071,0.01387751473573984,1.0,1.0,,,,,,,,,
1072,928704,1072,0.0165798320398087,1.0,1.0,,,,,,,,,
1073,929489,1073,0.00847060526352043,1.0,1.0,0.013361086067093478,1.0,1.0,,,,,,
1074,930554,1074,0.015082349633170027,1.0,1.0,,,,,,,,,
1075,931603,1075,0.017093032948028736,1.0,1.0,,,,,,,,,
1076,932436,1076,0.013114581920151478,1.0,1.0,,,,,,,,,
1077,933125,1077,0.015075949241284456,1.0,1.0,,,,,,,,,
1078,934022,1078,0.012670588921842852,1.0,1.0,,,,,,,,,
1079,934663,1079,0.010591342897699548,1.0,1.0,,,,,,,,,
1080,935616,1080,0.009400211049613,1.0,1.0,,,,,,,,,
1081,936857,1081,0.011773622560041667,1.0,1.0,0.016827126144175187,1.0,1.0,,,,,,
1082,937762,1082,0.012569729344301298,1.0,1.0,,,,,,,,,
1083,938635,1083,0.01128146067637505,1.0,1.0,,,,,,,,,
1084,939332,1084,0.009611615410754238,1.0,1.0,,,,,,,,,
1085,939981,1085,0.01195158184780753,1.0,1.0,,,,,,,,,
1086,940838,1086,0.013684145017922044,1.0,1.0,,,,,,,,,
1087,941583,1087,0.01031390997584879,1.0,1.0,,,,,,,,,
1088,942472,1088,0.010398469922559363,1.0,1.0,,,,,,,,,
1089,943281,1089,0.008881995135700467,1.0,1.0,0.013919707119177284,1.0,1.0,,,,,,
1090,944186,1090,0.011359632357589444,1.0,1.0,,,,,,,,,
1091,945555,1091,0.024472308723266008,1.0,1.0,,,,,,,,,
1092,946268,1092,0.02305474159637766,1.0,1.0,,,,,,,,,
1093,946949,1093,0.011434104558417176,1.0,1.0,,,,,,,,,
1094,947950,1094,0.010831098644901362,1.0,1.0,,,,,,,,,
1095,948727,1095,0.00913547563533779,1.0,1.0,,,,,,,,,
1096,949632,1096,0.011243433967111078,1.0,1.0,,,,,,,,,
1097,951089,1097,0.02602940784716924,1.0,1.0,0.028649156775085848,1.0,1.0,,,,,,
1098,951794,1098,0.012606634669569948,1.0,1.0,,,,,,,,,
1099,952627,1099,0.01119460439331607,1.0,1.0,,,,,,,,,
1100,953508,1100,0.02347358609164956,1.0,1.0,,,,,,,,,
1101,954933,1101,0.024529140089495024,1.0,1.0,,,,,,,,,
1102,955918,1102,0.01172001994036578,1.0,1.0,,,,,,,,,
1103,956751,1103,0.008468863874797375,1.0,1.0,,,,,,,,,
1104,957872,1104,0.013403718789509174,1.0,1.0,,,,,,,,,
1105,958857,1105,0.021113776690957365,1.0,1.0,0.015303476152997241,1.0,1.0,,,,,,
1106,959538,1106,0.021926386579506404,1.0,1.0,,,,,,,,,
1107,960491,1107,0.011119999771722365,1.0,1.0,,,,,,,,,
1108,961420,1108,0.02752444810554893,1.0,1.0,,,,,,,,,
1109,961949,1109,0.009365049563652767,1.0,1.0,,,,,,,,,
1110,963014,1110,0.00968014905298324,1.0,1.0,,,,,,,,,
1111,963711,1111,0.01002987558106242,1.0,1.0,,,,,,,,,
1112,964600,1112,0.010819407622623428,1.0,1.0,,,,,,,,,
1113,965241,1113,0.007763510843511429,1.0,1.0,0.011730788654855414,1.0,1.0,,,,,,
1114,966210,1114,0.011998951755604453,1.0,1.0,,,,,,,,,
1115,966955,1115,0.012048356053896097,1.0,1.0,,,,,,,,,
1116,967996,1116,0.008977868420572903,1.0,1.0,,,,,,,,,
1117,968901,1117,0.01082980396064843,1.0,1.0,,,,,,,,,
1118,969838,1118,0.008993497449431832,1.0,1.0,,,,1.0,1.0,1.0,1.0,1.0,1.0
1119,970879,1119,0.010495926267754621,1.0,1.0,,,,,,,,,
1120,971568,1120,0.005928410795358497,1.0,1.0,,,,,,,,,
1121,972457,1121,0.009180369964896044,1.0,1.0,0.016206065237698863,1.0,1.0,,,,,,
1122,973282,1122,0.010088539517350644,1.0,1.0,,,,,,,,,
1123,974155,1123,0.008986025737881109,1.0,1.0,,,,,,,,,
1124,974788,1124,0.009262044336204214,1.0,1.0,,,,,,,,,
1125,975701,1125,0.013084364927106266,1.0,1.0,,,,,,,,,
1126,976430,1126,0.0077348992436395295,1.0,1.0,,,,,,,,,
1127,977831,1127,0.007688830922518048,1.0,1.0,,,,,,,,,
1128,978544,1128,0.008135040197436638,1.0,1.0,,,,,,,,,
1129,979313,1129,0.00931696667779298,1.0,1.0,0.013392385141215445,1.0,1.0,,,,,,
1130,980018,1130,0.011221723555410549,1.0,1.0,,,,,,,,,
1131,980707,1131,0.02493412605036568,1.0,1.0,,,,,,,,,
1132,981732,1132,0.008374671376802839,1.0,1.0,,,,,,,,,
1133,982581,1133,0.010384469960894937,1.0,1.0,,,,,,,,,
1134,983534,1134,0.010687227544843426,1.0,1.0,,,,,,,,,
1135,984319,1135,0.011761682538858493,1.0,1.0,,,,,,,,,
1136,985064,1136,0.010576035777017613,1.0,1.0,,,,,,,,,
1137,985849,1137,0.0132506625311853,1.0,1.0,0.01875585239575233,1.0,1.0,,,,,,
1138,986890,1138,0.008629181318831976,1.0,1.0,,,,,,,,,
1139,987643,1139,0.008876418155297406,1.0,1.0,,,,,,,,,
1140,988572,1140,0.010176868835011807,1.0,1.0,,,,,,,,,
1141,989557,1141,0.020671412439536067,1.0,1.0,,,,,,,,,
1142,990254,1142,0.009832214888116675,1.0,1.0,,,,,,,,,
1143,991375,1143,0.010841146355662261,1.0,1.0,,,,,,,,,
1144,992160,1144,0.013468713085717574,1.0,1.0,,,,,,,,,
1145,993017,1145,0.0072301474793147425,1.0,1.0,0.013000037535596812,1.0,1.0,,,,,,
1146,993690,1146,0.007850893552224006,1.0,1.0,,,,,,,,,
1147,994659,1147,0.008778994909979927,1.0,1.0,,,,,,,,,
1148,995860,1148,0.016084679876852668,1.0,1.0,,,,,,,,,
1149,996645,1149,0.007858027716276755,1.0,1.0,,,,,,,,,
1150,997686,1150,0.005581983043369585,1.0,1.0,,,,,,,,,
1151,998351,1151,0.010223389845651671,1.0,1.0,,,,,,,,,
1152,999256,1152,0.010536999316547776,1.0,1.0,,,,,,,,,
1153,1000193,1153,0.01096472130001421,1.0,1.0,0.014918226991094088,1.0,1.0,,,,,,
1154,1000994,1154,0.009548299425817388,1.0,1.0,,,,,,,,,
1155,1001691,1155,0.009778136392800946,1.0,1.0,,,,,,,,,
1156,1002676,1156,0.023823016860755025,1.0,1.0,,,,,,,,,
1157,1003365,1157,0.014220399916262191,1.0,1.0,,,,,,,,,
1158,1004262,1158,0.011747824463433825,1.0,1.0,,,,,,,,,
1159,1005151,1159,0.010379651018374486,1.0,1.0,,,,,,,,,
1160,1005752,1160,0.00982400244191444,1.0,1.0,,,,,,,,,
1161,1006401,1161,0.009226801877991941,1.0,1.0,0.013186514667264889,1.0,1.0,,,,,,
1162,1007138,1162,0.009219116404492531,1.0,1.0,,,,,,,,,
1163,1008147,1163,0.009516432609720292,1.0,1.0,,,,,,,,,
1164,1008972,1164,0.009108895094928817,1.0,1.0,,,,,,,,,
1165,1009781,1165,0.008011716946994938,1.0,1.0,,,,,,,,,
1166,1010470,1166,0.010451018060263311,1.0,1.0,,,,,,,,,
1167,1011711,1167,0.01128258651048291,1.0,1.0,,,,,,,,,
1168,1012472,1168,0.00951751086304709,1.0,1.0,,,,,,,,,
1169,1013329,1169,0.009134287001813735,1.0,1.0,0.016257045300094475,1.0,1.0,,,,,,
1170,1014554,1170,0.026150171233632575,1.0,1.0,,,,,,,,,
1171,1015291,1171,0.008241720797933689,1.0,1.0,,,,,,,,,
1172,1016124,1172,0.010732282264946002,1.0,1.0,,,,,,,,,
1173,1016765,1173,0.006496261917560678,1.0,1.0,,,,,,,,,
1174,1017646,1174,0.008373703638989158,1.0,1.0,,,,,,,,,
1175,1018583,1175,0.01059325081373412,1.0,1.0,,,,,,,,,
1176,1019512,1176,0.013625969416026892,1.0,1.0,,,,,,,,,
1177,1020433,1177,0.02537731390938991,1.0,1.0,0.0146683432897729,1.0,1.0,,,,,,
1178,1021282,1178,0.010684178662889723,1.0,1.0,,,,,,,,,
1179,1022179,1179,0.012087791683895493,1.0,1.0,,,,,,,,,
1180,1023108,1180,0.02705136542441974,1.0,1.0,,,,,,,,,
1181,1023821,1181,0.02375861557710594,1.0,1.0,,,,,,,,,
1182,1024454,1182,0.009867980531406789,1.0,1.0,,,,,,,,,
1183,1025143,1183,0.012706799520942086,1.0,1.0,,,,,,,,,
1184,1026176,1184,0.012085467880855311,1.0,1.0,,,,,,,,,
1185,1027057,1185,0.022958537783042278,1.0,1.0,0.015930918882244908,1.0,1.0,,,,,,
1186,1027850,1186,0.011530617186563142,1.0,1.0,,,,,,,,,
1187,1028587,1187,0.009554265821999286,1.0,1.0,,,,,,,,,
1188,1029252,1188,0.008950868515639454,1.0,1.0,,,,,,,,,
1189,1029893,1189,0.009869951845251166,1.0,1.0,,,,,,,,,
1190,1030726,1190,0.010117331266038785,1.0,1.0,,,,,,,,,
1191,1031495,1191,0.009181867835136987,1.0,1.0,,,,,,,,,
1192,1032352,1192,0.013130498984843591,1.0,1.0,,,,,,,,,
1193,1033297,1193,0.021718682816192155,1.0,1.0,0.01488317434081965,1.0,1.0,,,,,,
1194,1034202,1194,0.011977629816265599,1.0,1.0,,,,,,,,,
1195,1034923,1195,0.007518155755436637,1.0,1.0,,,,,,,,,
1196,1035764,1196,0.013069198952749463,1.0,1.0,,,,,,,,,
1197,1036445,1197,0.010250371482496629,1.0,1.0,,,,,,,,,
1198,1037870,1198,0.02423072895194192,1.0,1.0,,,,,,,,,
1199,1039135,1199,0.014353056464972527,1.0,1.0,,,,,,,,,
1200,1040072,1200,0.011719066039008894,1.0,1.0,,,,,,,,,
1201,1040969,1201,0.008441992878165834,1.0,1.0,0.014897230879976357,1.0,1.0,,,,,,
1202,1041946,1202,0.01393506841338931,1.0,1.0,,,,,,,,,
1203,1042619,1203,0.011153163065044477,1.0,1.0,,,,,,,,,
1204,1043380,1204,0.013370234956182492,1.0,1.0,,,,,,,,,
1205,1044029,1205,0.010871046932631178,1.0,1.0,,,,,,,,,
1206,1044862,1206,0.011041588723870236,1.0,1.0,,,,,,,,,
1207,1045567,1207,0.010193360300777159,1.0,1.0,,,,,,,,,
1208,1046952,1208,0.020847752650050903,1.0,1.0,,,,,,,,,
1209,1047897,1209,0.011351013496914452,1.0,1.0,0.01644017734611138,1.0,1.0,,,,,,
1210,1048674,1210,0.008285278396584887,1.0,1.0,,,,,,,,,
1211,1049499,1211,0.011041408602997576,1.0,1.0,,,,,,,,,
1212,1050284,1212,0.009334873673892246,1.0,1.0,,,,,,,,,
1213,1051181,1213,0.01339646118097417,1.0,1.0,,,,,,,,,
1214,1051998,1214,0.011805776483946406,1.0,1.0,,,,,,,,,
1215,1053223,1215,0.0221059313397057,1.0,1.0,,,,,,,,,
1216,1053928,1216,0.007467832101319705,1.0,1.0,,,,,,,,,
1217,1055001,1217,0.010102983501679933,1.0,1.0,0.010428859240126473,1.0,1.0,,,,,,
1218,1056154,1218,0.013465144505698301,1.0,1.0,,,,,,,,,
1219,1056795,1219,0.0093763442463691,1.0,1.0,,,,,,,,,
1220,1057660,1220,0.02312262220155311,1.0,1.0,,,,,,,,,
1221,1058309,1221,0.009415729903382348,1.0,1.0,,,,,,,,,
1222,1059142,1222,0.009824119502275037,1.0,1.0,,,,,,,,,
1223,1060151,1223,0.012599324600610494,1.0,1.0,,,,,,,,,
1224,1061120,1224,0.010359792693372116,1.0,1.0,,,,,,,,,
1225,1062121,1225,0.011465980358622636,1.0,1.0,0.03377256732013856,1.0,1.0,,,,,,
1226,1062818,1226,0.01363554775662629,1.0,1.0,,,,,,,,,
1227,1063507,1227,0.00969775304411407,1.0,1.0,,,,,,,,,
1228,1064300,1228,0.013522436381921821,1.0,1.0,,,,,,,,,
1229,1065101,1229,0.010435663975319302,1.0,1.0,,,,,,,,,
1230,1065822,1230,0.01000958289215467,1.0,1.0,,,,,,,,,
1231,1066871,1231,0.016630563813786633,1.0,1.0,,,,,,,,,
1232,1067576,1232,0.011914557247457856,1.0,1.0,,,,,,,,,
1233,1068745,1233,0.028677944148911443,1.0,1.0,0.0181104178428039,1.0,1.0,,,,,,
1234,1069730,1234,0.01132284824049067,1.0,1.0,,,,,,,,,
1235,1070619,1235,0.010039168235076276,1.0,1.0,,,,,,,,,
1236,1071812,1236,0.008554658879854736,1.0,1.0,,,,,,,,,
1237,1072341,1237,0.008613905957431073,1.0,1.0,,,,,,,,,
1238,1073798,1238,0.02568845147854979,1.0,1.0,,,,,,,,,
1239,1074703,1239,0.010882101864824143,1.0,1.0,,,,,,,,,
1240,1076072,1240,0.024127209428645102,1.0,1.0,,,,,,,,,
1241,1077049,1241,0.012603628678014447,1.0,1.0,0.01675112865463167,1.0,1.0,,,,,,
1242,1077658,1242,0.007799521523215437,1.0,1.0,,,,,,,,,
1243,1078755,1243,0.010241005752100973,1.0,1.0,,,,,,,,,
1244,1079260,1244,0.008072219203292935,1.0,1.0,,,,,,,,,
1245,1080245,1245,0.01059386227169766,1.0,1.0,,,,,,,,,
1246,1081038,1246,0.011235387600215046,1.0,1.0,,,,,,,,,
1247,1082279,1247,0.012057378951756827,1.0,1.0,,,,,,,,,
1248,1083040,1248,0.006826709822032888,1.0,1.0,,,,,,,,,
1249,1083785,1249,0.010864830174706004,1.0,1.0,0.030071433447004352,1.0,1.0,,,,,,
1250,1084514,1250,0.010687636149093504,1.0,1.0,,,,,,,,,
1251,1085507,1251,0.011039619036750561,1.0,1.0,,,,,,,,,
1252,1086396,1252,0.007992167656652643,1.0,1.0,,,,,,,,,
1253,1087861,1253,0.02770335865352595,1.0,1.0,,,,,,,,,
1254,1088974,1254,0.01250679101740413,1.0,1.0,,,,,,,,,
1255,1090287,1255,0.0315988558531138,1.0,1.0,,,,,,,,,
1256,1091088,1256,0.009723396785263712,1.0,1.0,,,,,,,,,
1257,1091761,1257,0.009801740148443606,1.0,1.0,0.016184995353137447,1.0,1.0,,,,,,
1258,1092722,1258,0.013031940034109206,1.0,1.0,,,,,,,,,
1259,1093371,1259,0.011202992204267547,1.0,1.0,,,,,,,,,
1260,1094372,1260,0.010399577746718873,1.0,1.0,,,,,,,,,
1261,1095133,1261,0.02480919557261581,1.0,1.0,,,,,,,,,
1262,1096334,1262,0.010649133762979804,1.0,1.0,,,,,,,,,
1263,1097287,1263,0.011292335660167067,1.0,1.0,,,,,,,,,
1264,1098032,1264,0.009703547720488419,1.0,1.0,,,,,,,,,
1265,1098737,1265,0.012906367926762913,1.0,1.0,0.018498765427637745,1.0,1.0,,,,,,
1266,1099466,1266,0.009047532412778636,1.0,1.0,,,,,,,,,
1267,1100099,1267,0.005725323082522573,1.0,1.0,,,,,,,,,
1268,1100780,1268,0.021309976237709007,1.0,1.0,,,,,,,,,
1269,1101445,1269,0.006751256411425233,1.0,1.0,,,,,,,,,
1270,1102102,1270,0.009101222780401713,1.0,1.0,,,,,,,,,
1271,1102855,1271,0.00929423968043949,1.0,1.0,,,,,,,,,
1272,1103712,1272,0.011134982461397444,1.0,1.0,,,,,,,,,
1273,1104393,1273,0.007210782569305622,1.0,1.0,0.015728368074416785,1.0,1.0,,,,,,
1274,1105266,1274,0.010796018351416114,1.0,1.0,,,,,,,,,
1275,1106811,1275,0.021498035243817146,1.0,1.0,,,,,,,,,
1276,1107580,1276,0.009025137775433505,1.0,1.0,,,,,,,,,
1277,1108781,1277,0.01285159615183329,1.0,1.0,,,,,,,,,
1278,1109454,1278,0.010185532727723275,1.0,1.0,,,,,,,,,
1279,1110095,1279,0.007174329924198627,1.0,1.0,,,,,,,,,
1280,1111208,1280,0.00879871681299392,1.0,1.0,,,,,,,,,
1281,1111897,1281,0.010995042978666181,1.0,1.0,0.03196471983440838,1.0,1.0,,,,,,
1282,1112458,1282,0.009409561800793042,1.0,1.0,,,,,,,,,
1283,1113203,1283,0.011505696767932134,1.0,1.0,,,,,,,,,
1284,1114044,1284,0.010301024076978832,1.0,1.0,,,,,,,,,
1285,1114725,1285,0.010843733884141834,1.0,1.0,,,,,,,,,
1286,1115526,1286,0.023645994557996985,1.0,1.0,,,,,,,,,
1287,1116479,1287,0.008922805157582536,1.0,1.0,,,,,,,,,
1288,1117144,1288,0.010830986212538224,1.0,1.0,,,,,,,,,
1289,1118001,1289,0.010122803607826825,1.0,1.0,0.028117637809249345,1.0,1.0,,,,,,
1290,1119122,1290,0.009480319525059813,1.0,1.0,,,,,,,,,
1291,1119963,1291,0.009324052919165288,1.0,1.0,,,,,,,,,
1292,1121084,1292,0.010224575228675259,1.0,1.0,,,,,,,,,
1293,1121917,1293,0.010166737522459425,1.0,1.0,,,,,,,,,
1294,1122694,1294,0.0069492575473510095,1.0,1.0,,,,,,,,,
1295,1123367,1295,0.020189599076046966,1.0,1.0,,,,,,,,,
1296,1124040,1296,0.009436696473834178,1.0,1.0,,,,,,,,,
1297,1125257,1297,0.022883742672145924,1.0,1.0,0.017253380460164787,1.0,1.0,,,,,,
1298,1125954,1298,0.008973471466158693,1.0,1.0,,,,,,,,,
1299,1126555,1299,0.009376414916877593,1.0,1.0,,,,,,,,,
1300,1127364,1300,0.008279385963369957,1.0,1.0,,,,,,,,,
1301,1128117,1301,0.012744384673837669,1.0,1.0,,,,,,,,,
1302,1129126,1302,0.012293730939536299,1.0,1.0,,,,,,,,,
1303,1129895,1303,0.009637464713843531,1.0,1.0,,,,,,,,,
1304,1130880,1304,0.014697680797478893,1.0,1.0,,,,,,,,,
1305,1131713,1305,0.01251219198735832,1.0,1.0,0.011249203392150992,1.0,1.0,,,,,,
1306,1132546,1306,0.010402425957205808,1.0,1.0,,,,,,,,,
1307,1134011,1307,0.013147372835659211,1.0,1.0,,,,,,,,,
1308,1135020,1308,0.010588661507667033,1.0,1.0,,,,,,,,,
1309,1135637,1309,0.00922784669953348,1.0,1.0,,,,,,,,,
1310,1136366,1310,0.007860484685763867,1.0,1.0,,,,,,,,,
1311,1137039,1311,0.00950531853390039,1.0,1.0,,,,,,,,,
1312,1138032,1312,0.009081619582111221,1.0,1.0,,,,,,,,,
1313,1138841,1313,0.0070319667676488,1.0,1.0,0.028327574041126354,1.0,1.0,,,,,,
1314,1139450,1314,0.008787854406172175,1.0,1.0,,,,,,,,,
1315,1139995,1315,0.00814035599125663,1.0,1.0,,,,,,,,,
1316,1140604,1316,0.006151139834155606,1.0,1.0,,,,,,,,,
1317,1141493,1317,0.009917555018961773,1.0,1.0,,,,,,,,,
1318,1142190,1318,0.010768018493567273,1.0,1.0,,,,,,,,,
1319,1143071,1319,0.009886746796861922,1.0,1.0,,,,,,,,,
1320,1143768,1320,0.009485268938037287,1.0,1.0,,,,,,,,,
1321,1144465,1321,0.008327229531541512,1.0,1.0,0.01455775369506744,1.0,1.0,,,,,,
1322,1145322,1322,0.010474841998978404,1.0,1.0,,,,,,,,,
1323,1146075,1323,0.010130038146439969,1.0,1.0,,,,,,,,,
1324,1146868,1324,0.01059523188605654,1.0,1.0,,,,,,,,,
1325,1147509,1325,0.007639664229582024,1.0,1.0,,,,,,,,,
1326,1148214,1326,0.009893200851683732,1.0,1.0,,,,,,,,,
1327,1148999,1327,0.009473279122939502,1.0,1.0,,,,,,,,,
1328,1149704,1328,0.009033538367623403,1.0,1.0,,,,,,,,,
1329,1150337,1329,0.011978857968503662,1.0,1.0,0.017154338561711804,1.0,1.0,,,,,,
1330,1151706,1330,0.0260605607923631,1.0,1.0,,,,,,,,,
1331,1152971,1331,0.018868998680712346,1.0,1.0,,,,,,,,,
1332,1153788,1332,0.00914051454679393,1.0,1.0,,,,,,,,,
1333,1154693,1333,0.009403375932157782,1.0,1.0,,,,,,,,,
1334,1155798,1334,0.008863780294431987,1.0,1.0,,,,,,,,,
1335,1156647,1335,0.0255920798954811,1.0,1.0,,,,,,,,,
1336,1157888,1336,0.028666534785153148,1.0,1.0,,,,,,,,,
1337,1158657,1337,0.023476201355571845,1.0,1.0,0.01865873139465507,1.0,1.0,,,,,,
1338,1159242,1338,0.008873029020303857,1.0,1.0,,,,,,,,,
1339,1159931,1339,0.008817511749849499,1.0,1.0,,,,,,,,,
1340,1160708,1340,0.008561895462654493,1.0,1.0,,,,,,,,,
1341,1161565,1341,0.007446541984585759,1.0,1.0,,,,,,,,,
1342,1162326,1342,0.020965280261486106,1.0,1.0,,,,,,,,,
1343,1163095,1343,0.012446334206873962,1.0,1.0,,,,,,,,,
1344,1164016,1344,0.008471246980492921,1.0,1.0,,,,,,,,,
1345,1164977,1345,0.012245929723003113,1.0,1.0,0.012113470267555933,1.0,1.0,,,,,,
1346,1166210,1346,0.02378475025890909,1.0,1.0,,,,,,,,,
1347,1167267,1347,0.010729894738061848,1.0,1.0,,,,,,,,,
1348,1167980,1348,0.02234799882399608,1.0,1.0,,,,,,,,,
1349,1168709,1349,0.011309140251630488,1.0,1.0,,,,,,,,,
1350,1169550,1350,0.00887656242119027,1.0,1.0,,,,,,,,,
1351,1170455,1351,0.010453151481275014,1.0,1.0,,,,,,,,,
1352,1171240,1352,0.011087371971064118,1.0,1.0,,,,,,,,,
1353,1172073,1353,0.007992970182563766,1.0,1.0,0.012170415853779253,1.0,1.0,,,,,,
1354,1172658,1354,0.007206586394518134,1.0,1.0,,,,,,,,,
1355,1173915,1355,0.022246688559495655,1.0,1.0,,,,,,,,,
1356,1174940,1356,0.012065967927291848,1.0,1.0,,,,,,,,,
1357,1175853,1357,0.011145629959048909,1.0,1.0,,,,,,,,,
1358,1176918,1358,0.01456259018461208,1.0,1.0,,,,,,,,,
1359,1177655,1359,0.00955905895368924,1.0,1.0,,,,,,,,,
1360,1178728,1360,0.007928370908450545,1.0,1.0,,,,,,,,,
1361,1179785,1361,0.011483479747333908,1.0,1.0,0.016311209770373244,1.0,1.0,,,,,,
1362,1180362,1362,0.0054008397429937014,1.0,1.0,,,,,,,,,
1363,1180995,1363,0.009505078981671015,1.0,1.0,,,,,,,,,
1364,1182068,1364,0.02164248342627505,1.0,1.0,,,,,,,,,
1365,1182901,1365,0.010919869306499819,1.0,1.0,,,,,,,,,
1366,1183782,1366,0.009532165506157177,1.0,1.0,,,,,,,,,
1367,1184751,1367,0.011592489410673675,1.0,1.0,,,,,,,,,
1368,1185408,1368,0.010054754505371839,1.0,1.0,,,,,,,,,
1369,1186201,1369,0.0100523118065473,1.0,1.0,0.029108643174289555,1.0,1.0,,,,,,
1370,1187266,1370,0.009376830186686468,1.0,1.0,,,,,,,,,
1371,1188155,1371,0.009985720860009088,1.0,1.0,,,,,,,,,
1372,1189484,1372,0.027608805993798124,1.0,1.0,,,,,,,,,
1373,1190365,1373,0.009087219985781632,1.0,1.0,,,,,,,,,
1374,1191630,1374,0.02585475015219173,1.0,1.0,,,,,,,,,
1375,1192751,1375,0.012980986467178109,1.0,1.0,,,,,,,,,
1376,1193816,1376,0.023718876640797387,1.0,1.0,,,,,,,,,
1377,1194601,1377,0.010030583907187808,1.0,1.0,0.01422431740270856,1.0,1.0,,,,,,
1378,1195522,1378,0.010353722220764592,1.0,1.0,,,,,,,,,
1379,1196619,1379,0.022373209937282996,1.0,1.0,,,,,,,,,
1380,1197596,1380,0.010444839204460848,1.0,1.0,,,,,,,,,
1381,1198405,1381,0.010953457606487534,1.0,1.0,,,,,,,,,
1382,1199366,1382,0.011693586628839658,1.0,1.0,,,,,,,,,
1383,1200047,1383,0.010170141293645496,1.0,1.0,,,,,,,,,
1384,1200880,1384,0.010530024272558119,1.0,1.0,,,,,,,,,
1385,1201817,1385,0.012406368086716472,1.0,1.0,0.01690343063212411,1.0,1.0,,,,,,
1386,1202514,1386,0.013689053335002347,1.0,1.0,,,,,,,,,
1387,1203507,1387,0.012808718789644295,1.0,1.0,,,,,,,,,
1388,1204092,1388,0.01035681346090462,1.0,1.0,,,,,,,,,
1389,1205133,1389,0.013317354960436241,1.0,1.0,,,,,,,,,
1390,1206078,1390,0.010604307756392903,1.0,1.0,,,,,,,,,
1391,1206839,1391,0.009821947646578314,1.0,1.0,,,,,,,,,
1392,1207504,1392,0.007992003551610782,1.0,1.0,,,,,,,,,
1393,1208337,1393,0.00784854978239634,1.0,1.0,0.017671242549874133,1.0,1.0,,,,,,
1394,1209338,1394,0.011566533846946347,1.0,1.0,,,,,,,,,
1395,1209995,1395,0.008166745635244102,1.0,1.0,,,,,,,,,
1396,1210876,1396,0.009873552043086556,1.0,1.0,,,,1.0,1.0,1.0,1.0,1.0,1.0

