step,elapsed_tokens,elapsed_examples,training_loss,training_sequence_accuracy,training_token_accuracy,validation_loss,validation_sequence_accuracy,validation_token_accuracy,classification/accuracy,classification/weighted_f1_score
1,1025,1,0.03994859959128169,0.0,0.0,0.06267635747035102,0.0,0.0,,
2,2018,2,0.03819481994336568,0.0,0.0,,,,,
3,3019,3,0.03958240259595089,0.0,0.0,,,,,
4,4124,4,0.03172306719380696,0.0,0.0,,,,,
5,4981,5,0.04315898636129255,0.0,0.0,,,,,
6,5710,6,0.03180156640511084,0.0,0.0,,,,,
7,6631,7,0.026501811935597405,0.0,0.0,,,,,
8,7600,8,0.019013172035036156,0.0,0.0,,,,,
9,8433,9,0.02975125043978131,0.0,0.0,0.017785846756672195,1.0,1.0,,
10,9498,10,0.020152231114435443,0.0,0.3333333333333333,,,,,
11,10203,11,0.02366607140858161,0.0,0.3333333333333333,,,,,
12,11036,12,0.018332929145632594,0.0,0.6666666666666666,,,,,
13,12093,13,0.016018165699966103,0.0,0.6666666666666666,,,,,
14,13190,14,0.01742126896048965,0.0,0.0,,,,,
15,14079,15,0.01455985999528712,0.0,0.6666666666666666,,,,,
16,14744,16,0.015581423897990783,0.0,0.6666666666666666,,,,,
17,15585,17,0.016308300123820764,0.0,0.6666666666666666,0.015070863755124668,0.0,0.0,,
18,16498,18,0.014900163354209324,1.0,1.0,,,,,
19,17563,19,0.019421903252827475,0.0,0.0,,,,,
20,18412,20,0.014677501801345227,1.0,1.0,,,,,
21,19061,21,0.01920357407765961,0.0,0.6666666666666666,,,,,
22,19774,22,0.020627650346200527,0.0,0.6666666666666666,,,,,
23,20615,23,0.016400531256404775,0.0,0.6666666666666666,,,,,
24,21400,24,0.018990334475493392,0.0,0.6666666666666666,,,,,
25,22273,25,0.011517080305741464,1.0,1.0,0.01571946625825114,0.0,0.6666666666666666,,
26,23066,26,0.018037326460217537,0.0,0.6666666666666666,,,,,
27,23699,27,0.016915338187976473,0.0,0.6666666666666666,,,,,
28,24532,28,0.012473276468585589,0.0,0.6666666666666666,,,,,
29,25173,29,0.014252358817329664,0.0,0.6666666666666666,,,,,
30,25702,30,0.014640352942733652,1.0,1.0,,,,,
31,26599,31,0.01081382524079422,1.0,1.0,,,,,
32,27272,32,0.022002739815960966,0.0,0.0,,,,,
33,28393,33,0.018340150013145436,0.0,0.0,0.014441103266503205,0.0,0.6666666666666666,,
34,29074,34,0.01157171752290702,1.0,1.0,,,,,
35,29963,35,0.015930998156102574,0.0,0.6666666666666666,,,,,
36,30732,36,0.012699460564324689,1.0,1.0,,,,,
37,31453,37,0.019503222336468853,0.0,0.0,,,,,
38,32390,38,0.014003092695545996,1.0,1.0,,,,,
39,33335,39,0.0087290137023013,0.0,0.6666666666666666,,,,,
40,34168,40,0.015034757792007747,0.0,0.6666666666666666,,,,,
41,35369,41,0.014171298037416917,1.0,1.0,0.01421594477836714,1.0,1.0,,
42,36266,42,0.011628395389196702,1.0,1.0,,,,,
43,37211,43,0.012203398290313259,1.0,1.0,,,,,
44,38100,44,0.011412653748562021,1.0,1.0,,,,,
45,38829,45,0.014102757374066334,0.0,0.0,,,,,
46,39558,46,0.014201514174625663,1.0,1.0,,,,,
47,40511,47,0.015146310591400555,0.0,0.6666666666666666,,,,,
48,41184,48,0.016526927044708456,0.0,0.6666666666666666,,,,,
49,41857,49,0.013893143533202661,1.0,1.0,0.021085309266512687,0.0,0.6666666666666666,,
50,42562,50,0.014464886027190255,1.0,1.0,,,,,
51,43259,51,0.01218486173404523,1.0,1.0,,,,,
52,44092,52,0.015626987431306794,0.0,0.6666666666666666,,,,,
53,45293,53,0.018711341442492462,0.0,0.6666666666666666,,,,,
54,46294,54,0.014188843168668122,0.0,0.6666666666666666,,,,,
55,46983,55,0.022271061009326142,0.0,0.0,,,,,
56,47864,56,0.017721159874972584,0.0,0.0,,,,,
57,48857,57,0.018550530526937493,0.0,0.0,0.015756723759729054,0.0,0.6666666666666666,,
58,49546,58,0.015428292461019321,0.0,0.6666666666666666,,,,,
59,50427,59,0.01158190131869403,0.0,0.6666666666666666,,,,,
60,51108,60,0.012923055162667771,0.0,0.6666666666666666,,,,,
61,51893,61,0.013813667508993778,1.0,1.0,,,,,
62,52886,62,0.01462829911397871,0.0,0.6666666666666666,,,,,
63,53471,63,0.0119635986752387,0.0,0.6666666666666666,,,,,
64,54168,64,0.01489187548268465,1.0,1.0,,,,,
65,54953,65,0.014259663696640962,1.0,1.0,0.011105494549209996,0.0,0.6666666666666666,,
66,55586,66,0.020784496396100784,0.0,0.6666666666666666,,,,,
67,56635,67,0.016476041955155705,0.0,0.6666666666666666,,,,,
68,57644,68,0.014211865021689273,0.0,0.6666666666666666,,,,,
69,58197,69,0.012818119249790661,1.0,1.0,,,,,
70,59030,70,0.014486832328386098,0.0,0.6666666666666666,,,,,
71,59775,71,0.013120572545885716,1.0,1.0,,,,,
72,60488,72,0.012846002963097418,0.0,0.6666666666666666,,,,,
73,61401,73,0.013572208053583475,1.0,1.0,0.017687347335636528,0.0,0.0,,
74,62594,74,0.009805152246768527,1.0,1.0,,,,,
75,63411,75,0.012272171616756587,1.0,1.0,,,,,
76,64220,76,0.012053959143533298,0.0,0.6666666666666666,,,,,
77,64917,77,0.02036547839594448,0.0,0.0,,,,,
78,65606,78,0.012205817285829808,1.0,1.0,,,,,
79,66351,79,0.012006372278872924,0.0,0.6666666666666666,,,,,
80,67432,80,0.01397043923701618,1.0,1.0,,,,,
81,68089,81,0.014502679730729518,0.0,0.6666666666666666,0.011915725772991532,1.0,1.0,,
82,69122,82,0.010666088881035561,0.0,0.6666666666666666,,,,,
83,70075,83,0.013310469893580056,0.0,0.0,,,,,
84,71196,84,0.011636979597919468,1.0,1.0,,,,,
85,72309,85,0.013704249991806545,1.0,1.0,,,,,
86,73270,86,0.017759777072208625,0.0,0.0,,,,,
87,74151,87,0.014744307214906856,0.0,0.0,,,,,
88,74936,88,0.016039901339340416,0.0,0.6666666666666666,,,,,
89,75977,89,0.0077745088288593365,0.0,0.6666666666666666,0.016819706093215665,1.0,1.0,,
90,76634,90,0.014971088818500955,0.0,0.6666666666666666,,,,,
91,77291,91,0.013764133875349773,0.0,0.6666666666666666,,,,,
92,78236,92,0.011152033037913216,1.0,1.0,,,,,
93,78901,93,0.015718776205375543,0.0,0.6666666666666666,,,,,
94,79942,94,0.012041195722509944,1.0,1.0,,,,,
95,81055,95,0.01046655484263701,1.0,1.0,,,,,
96,81784,96,0.01206913524183589,0.0,0.6666666666666666,,,,,
97,82521,97,0.01175923739739493,0.0,0.6666666666666666,0.01143756886728219,1.0,1.0,,
98,83194,98,0.010392318766524902,1.0,1.0,,,,,
99,83939,99,0.012874135314709403,1.0,1.0,,,,,
100,84844,100,0.013681652349632542,1.0,1.0,,,,,
101,85573,101,0.010683064392335549,0.0,0.6666666666666666,,,,,
102,86286,102,0.015891784339145565,1.0,1.0,,,,,
103,86927,103,0.009948783378004249,1.0,1.0,,,,,
104,87824,104,0.014039486163540865,0.0,0.0,,,,,
105,88945,105,0.008613567768789916,0.0,0.6666666666666666,0.013435762129325946,0.0,0.0,,
106,90146,106,0.013353356098713073,0.0,0.0,,,,,
107,91299,107,0.013070487239317523,1.0,1.0,,,,,
108,91956,108,0.013176613350402962,0.0,0.6666666666666666,,,,,
109,92565,109,0.010581504352248213,1.0,1.0,,,,,
110,93462,110,0.012443715030550515,1.0,1.0,,,,,
111,94287,111,0.013017713410941885,1.0,1.0,,,,,
112,95216,112,0.016040965481159932,0.0,0.6666666666666666,,,,,
113,96265,113,0.011341760070528114,0.0,0.6666666666666666,0.009277227447403408,1.0,1.0,,
114,97098,114,0.013032614679104007,0.0,0.6666666666666666,,,,,
115,97955,115,0.010510246426613676,0.0,0.6666666666666666,,,,,
116,98500,116,0.012338645309165541,1.0,1.0,,,,,
117,99301,117,0.018115086164787245,0.0,0.0,,,,,
118,100078,118,0.012169862101678355,0.0,0.0,,,,,
119,100831,119,0.011595834618256974,1.0,1.0,,,,,
120,101800,120,0.01220894952883301,1.0,1.0,,,,,
121,102809,121,0.013683544007561629,1.0,1.0,0.01135119341727695,1.0,1.0,,
122,103546,122,0.016823391827089557,0.0,0.6666666666666666,,,,,
123,104139,123,0.01742711962841655,0.0,0.6666666666666666,,,,,
124,104812,124,0.014287126790795105,0.0,0.6666666666666666,,,,,
125,105781,125,0.014053022829563395,0.0,0.6666666666666666,,,,,
126,106638,126,0.011323974739649406,1.0,1.0,,,,,
127,107343,127,0.014730083820308344,0.0,0.0,,,,,
128,108312,128,0.013532891761557371,0.0,0.6666666666666666,,,,,
129,109217,129,0.012646650599558657,0.0,0.6666666666666666,0.009415829816848619,0.0,0.6666666666666666,,
130,110618,130,0.007417539031749055,1.0,1.0,,,,,
131,111571,131,0.013807636380800823,1.0,1.0,,,,,
132,112452,132,0.01415764315657228,0.0,0.0,,,,,
133,113445,133,0.012236924493612638,0.0,0.0,,,,,
134,114350,134,0.01323844229188361,1.0,1.0,,,,,
135,115359,135,0.014656230580413713,1.0,1.0,,,,,
136,116008,136,0.014297946335724029,0.0,0.6666666666666666,,,,,
137,116617,137,0.012437730751953117,0.0,0.6666666666666666,0.011922591022038943,1.0,1.0,,
138,117450,138,0.012552149811093044,1.0,1.0,,,,,
139,118051,139,0.013803112343896341,1.0,1.0,,,,,
140,118836,140,0.01385128326366638,0.0,0.0,,,,,
141,119845,141,0.010640767118090541,1.0,1.0,,,,,
142,120806,142,0.012628627587398833,1.0,1.0,,,,,
143,121447,143,0.014751598552139023,0.0,0.6666666666666666,,,,,
144,122392,144,0.012828326152073072,0.0,0.0,,,,,
145,123129,145,0.012770818587272427,0.0,0.6666666666666666,0.015032487042327269,0.0,0.0,,
146,123826,146,0.013274510695828762,1.0,1.0,,,,,
147,125059,147,0.011339897641449331,1.0,1.0,,,,,
148,125828,148,0.012363787344901081,1.0,1.0,,,,,
149,126565,149,0.01149336274406773,0.0,0.0,,,,,
150,128030,150,0.011465836197131683,1.0,1.0,,,,,
151,129135,151,0.010787162275493482,0.0,0.6666666666666666,,,,,
152,130040,152,0.016140157318600582,0.0,0.6666666666666666,,,,,
153,131113,153,0.01135747072526345,0.0,0.0,0.013355487632047225,0.0,0.0,,
154,132162,154,0.01826889605156193,0.0,0.0,,,,,
155,132763,155,0.014954590039953787,0.0,0.6666666666666666,,,,,
156,133652,156,0.012040534309692968,1.0,1.0,,,,,
157,134325,157,0.013054859259161507,1.0,1.0,,,,,
158,135486,158,0.01598458406920503,0.0,0.6666666666666666,,,,,
159,136271,159,0.012671063241632917,0.0,0.6666666666666666,,,,,
160,136920,160,0.014500108722056777,0.0,0.0,,,,,
161,137809,161,0.008688142468265781,1.0,1.0,0.010527408380037847,1.0,1.0,,
162,138698,162,0.011748669355573255,0.0,0.6666666666666666,,,,,
163,139347,163,0.01447057331608624,1.0,1.0,,,,,
164,140324,164,0.014049243929242852,0.0,0.0,,,,,
165,141181,165,0.014965189740341764,1.0,1.0,,,,,
166,141742,166,0.016867691144385345,0.0,0.6666666666666666,,,,,
167,142511,167,0.016390400303533646,0.0,0.6666666666666666,,,,,
168,143208,168,0.014917003833363144,0.0,0.6666666666666666,,,,,
169,143857,169,0.014452654551559167,1.0,1.0,0.01102868208482076,1.0,1.0,,
170,144362,170,0.011468597539771329,1.0,1.0,,,,,
171,145371,171,0.01680434970681803,0.0,0.0,,,,,
172,146180,172,0.010953344635253283,1.0,1.0,,,,,
173,146861,173,0.015269311447395241,0.0,0.6666666666666666,,,,,
174,147678,174,0.012232468468191805,1.0,1.0,,,,,
175,148375,175,0.013419371784425507,0.0,0.0,,,,,
176,149120,176,0.014765932296133774,1.0,1.0,,,,,
177,149737,177,0.012378771059533066,1.0,1.0,0.010939167299069573,0.0,0.0,,
178,150602,178,0.009676116236352278,1.0,1.0,,,,,
179,151363,179,0.016814098134472835,0.0,0.0,,,,,
180,152268,180,0.013345970542615826,1.0,1.0,,,,,
181,153069,181,0.012033528122167217,1.0,1.0,,,,,
182,153958,182,0.014148992427636724,1.0,1.0,,,,,
183,154487,183,0.012013845436809497,0.0,0.6666666666666666,,,,,
184,155392,184,0.011166019740108512,1.0,1.0,,,,,
185,156233,185,0.015457411591515308,0.0,0.6666666666666666,0.01385030456659667,0.0,0.0,,
186,157090,186,0.01394098901852749,1.0,1.0,,,,,
187,157803,187,0.01260838418954034,0.0,0.6666666666666666,,,,,
188,158572,188,0.010662547315057317,1.0,1.0,,,,,
189,159333,189,0.015245605182904512,0.0,0.0,,,,,
190,160214,190,0.01038532306811871,1.0,1.0,,,,,
191,160927,191,0.01341120188822794,0.0,0.6666666666666666,,,,,
192,161704,192,0.011950584862811083,1.0,1.0,,,,,
193,162641,193,0.015125621521440478,0.0,0.0,0.011840508985447553,1.0,1.0,,
194,163714,194,0.013476543639164408,0.0,0.0,,,,,
195,164771,195,0.011589433264394728,1.0,1.0,,,,,
196,165500,196,0.012743479706928762,0.0,0.6666666666666666,,,,,
197,166293,197,0.014917612881648928,0.0,0.6666666666666666,,,,,
198,166998,198,0.015342071356207975,0.0,0.6666666666666666,,,,,
199,167935,199,0.01314647309565838,1.0,1.0,,,,,
200,168712,200,0.009164050215366449,1.0,1.0,,,,,
201,169665,201,0.012534606115297994,0.0,0.6666666666666666,0.01264212041516698,1.0,1.0,,
202,170642,202,0.01478121139079655,0.0,0.6666666666666666,,,,,
203,171675,203,0.012972351988703662,1.0,1.0,,,,,
204,172468,204,0.014154270770276136,1.0,1.0,,,,,
205,173389,205,0.013783427638242194,0.0,0.0,,,,,
206,174270,206,0.011999191774348238,1.0,1.0,,,,,
207,174935,207,0.010149429662911965,1.0,1.0,,,,,
208,175912,208,0.01236292423002954,0.0,0.6666666666666666,,,,,
209,176641,209,0.013428598922655379,0.0,0.6666666666666666,0.010334284735323364,1.0,1.0,,
210,177298,210,0.01278139069435766,1.0,1.0,,,,,
211,178107,211,0.013604718840040279,0.0,0.0,,,,,
212,179116,212,0.01534384966351548,0.0,0.0,,,,,
213,179797,213,0.017858677036366847,0.0,0.0,,,,,
214,180766,214,0.010171114786365405,0.0,0.6666666666666666,,,,,
215,181455,215,0.015828483520704914,0.0,0.0,,,,,
216,182448,216,0.012171321572331611,1.0,1.0,,,,,
217,183361,217,0.014343508851239419,1.0,1.0,0.0138237302602758,0.0,0.6666666666666666,,
218,184282,218,0.016123759580492527,0.0,0.6666666666666666,,,,,
219,185171,219,0.013784956028431336,0.0,0.6666666666666666,,,,,
220,186100,220,0.011391578717511156,1.0,1.0,,,,,
221,187077,221,0.012531842606742621,1.0,1.0,,,,,
222,187766,222,0.014603850537689153,0.0,0.6666666666666666,,,,,
223,188671,223,0.010430734925106206,1.0,1.0,,,,,
224,189504,224,0.0130666470066709,0.0,0.6666666666666666,,,,,
225,190297,225,0.015837906089604482,0.0,0.6666666666666666,0.008573900597394109,1.0,1.0,,
226,191338,226,0.01220960585824528,1.0,1.0,,,,,
227,192131,227,0.01231507702166368,0.0,0.0,,,,,
228,192764,228,0.012249562120439993,0.0,0.0,,,,,
229,193605,229,0.011992288908355167,1.0,1.0,,,,,
230,194302,230,0.012637569278220634,1.0,1.0,,,,,
231,195263,231,0.013286298839784137,1.0,1.0,,,,,
232,196120,232,0.011084996691706374,1.0,1.0,,,,,
233,196953,233,0.014413499315287815,0.0,0.6666666666666666,0.01531305178876199,0.0,0.6666666666666666,,
234,197538,234,0.016518682818434362,0.0,0.6666666666666666,,,,,
235,198395,235,0.014561448201195946,0.0,0.6666666666666666,,,,,
236,199292,236,0.012247112794898655,1.0,1.0,,,,,
237,200117,237,0.012076702283571172,1.0,1.0,,,,,
238,200902,238,0.016131484123783908,0.0,0.6666666666666666,,,,,
239,201879,239,0.016221645623633547,1.0,1.0,,,,,
240,202552,240,0.013720177145306333,1.0,1.0,,,,,
241,203137,241,0.010439357024963472,1.0,1.0,0.010225398740387475,1.0,1.0,,
242,203834,242,0.013644400691528093,0.0,0.6666666666666666,,,,0.5833333134651184,0.5607795149035651
243,204755,243,0.012253088140577927,0.0,0.0,,,,,
244,205428,244,0.01342003564305943,1.0,1.0,,,,,
245,206381,245,0.011092066313958338,0.0,0.6666666666666666,,,,,
246,207078,246,0.01138205708556131,0.0,0.6666666666666666,,,,,
247,207935,247,0.013975292603465259,0.0,0.6666666666666666,,,,,
248,208856,248,0.010113235582708421,1.0,1.0,,,,,
249,209513,249,0.012286862760829494,1.0,1.0,0.0132973262237355,0.0,0.6666666666666666,,
250,210274,250,0.01761025561693153,0.0,0.0,,,,,
251,211131,251,0.016035897583007712,0.0,0.0,,,,,
252,212228,252,0.01136776328071638,0.0,0.0,,,,,
253,213133,253,0.012551421919981211,1.0,1.0,,,,,
254,214070,254,0.012934838772848093,0.0,0.0,,,,,
255,215071,255,0.012550493235481694,0.0,0.6666666666666666,,,,,
256,216048,256,0.012354993202662182,1.0,1.0,,,,,
257,216953,257,0.01000142053214266,1.0,1.0,0.016182942093232316,1.0,1.0,,
258,217666,258,0.014491481659369601,0.0,0.6666666666666666,,,,,
259,218395,259,0.012117040347870395,1.0,1.0,,,,,
260,219444,260,0.015710580335775753,0.0,0.6666666666666666,,,,,
261,220125,261,0.011319043634654526,0.0,0.6666666666666666,,,,,
262,221174,262,0.010785252164257297,0.0,0.6666666666666666,,,,,
263,222151,263,0.011667643771799753,0.0,0.6666666666666666,,,,,
264,223080,264,0.015592241433848084,0.0,0.6666666666666666,,,,,
265,223857,265,0.01097479845212821,1.0,1.0,0.013534116345940872,0.0,0.0,,
266,224554,266,0.013590826707447785,0.0,0.0,,,,,
267,225331,267,0.010669051823552544,0.0,0.0,,,,,
268,226452,268,0.011376160743840832,0.0,0.0,,,,,
269,227357,269,0.012174252430205649,1.0,1.0,,,,,
270,228350,270,0.013263013469713963,1.0,1.0,,,,,
271,229183,271,0.010373392192035943,1.0,1.0,,,,,
272,229800,272,0.012246612336792107,1.0,1.0,,,,,
273,230769,273,0.012384255994165164,1.0,1.0,0.012122505420260247,1.0,1.0,,
274,231658,274,0.01007967174580966,1.0,1.0,,,,,
275,232587,275,0.012099027831705508,0.0,0.0,,,,,
276,233420,276,0.01185174020505023,0.0,0.6666666666666666,,,,,
277,233965,277,0.01217379812007776,0.0,0.6666666666666666,,,,,
278,234558,278,0.01276427577560321,1.0,1.0,,,,,
279,235215,279,0.011807900431595521,0.0,0.6666666666666666,,,,,
280,235928,280,0.01166775773881669,1.0,1.0,,,,,
281,236809,281,0.013262930189895904,0.0,0.0,0.01036128361966752,1.0,1.0,,
282,237490,282,0.012136397260752007,1.0,1.0,,,,,
283,238331,283,0.012039252877384598,0.0,0.0,,,,,
284,239012,284,0.013660120992779542,0.0,0.0,,,,,
285,240069,285,0.01070555055961643,1.0,1.0,,,,,
286,240838,286,0.011042968318611403,1.0,1.0,,,,,
287,241847,287,0.0114680033155983,1.0,1.0,,,,,
288,242544,288,0.014672081464536014,1.0,1.0,,,,,
289,243249,289,0.013435694691747813,1.0,1.0,0.01139635412705398,1.0,1.0,,
290,244050,290,0.012695626731511336,1.0,1.0,,,,,
291,244995,291,0.0098002691477237,1.0,1.0,,,,,
292,245852,292,0.015235505909641437,0.0,0.6666666666666666,,,,,
293,246709,293,0.015189477064212796,0.0,0.6666666666666666,,,,,
294,247526,294,0.012858936485231225,0.0,0.6666666666666666,,,,,
295,248415,295,0.013198487746074988,0.0,0.6666666666666666,,,,,
296,249136,296,0.014018864043348867,1.0,1.0,,,,,
297,249881,297,0.01391054284414293,1.0,1.0,0.0103207817085864,1.0,1.0,,
298,250674,298,0.010119668349958852,1.0,1.0,,,,,
299,251699,299,0.012594786404473287,0.0,0.0,,,,,
300,252604,300,0.011887213023432533,0.0,0.6666666666666666,,,,,
301,253549,301,0.011504256832683968,1.0,1.0,,,,,
302,254206,302,0.013258147651825612,0.0,0.6666666666666666,,,,,
303,255039,303,0.011164815899218746,1.0,1.0,,,,,
304,255768,304,0.009253547842884409,1.0,1.0,,,,,
305,256441,305,0.01235697032247896,0.0,0.0,0.015350667057428866,0.0,0.0,,
306,257226,306,0.01525572430024726,1.0,1.0,,,,,
307,258131,307,0.010183596636488554,1.0,1.0,,,,,
308,259124,308,0.013505118343965348,0.0,0.0,,,,,
309,260325,309,0.012616339295868716,1.0,1.0,,,,,
310,261062,310,0.014183365353600336,1.0,1.0,,,,,
311,261967,311,0.012261449634316145,1.0,1.0,,,,,
312,262824,312,0.01130293384392068,1.0,1.0,,,,,
313,263833,313,0.01635700996088707,0.0,0.0,0.010256441823583592,1.0,1.0,,
314,264530,314,0.014228644332927934,0.0,0.6666666666666666,,,,,
315,265731,315,0.016426993684006942,1.0,1.0,,,,,
316,266364,316,0.01509388780140119,1.0,1.0,,,,,
317,267405,317,0.011961109067995756,0.0,0.0,,,,,
318,268238,318,0.010597248767631885,1.0,1.0,,,,,
319,269119,319,0.012928574711653594,0.0,0.0,,,,,
320,269872,320,0.01008997536978477,1.0,1.0,,,,,
321,270945,321,0.011325699262131969,0.0,0.0,0.0127751175038297,0.0,0.6666666666666666,,
322,271722,322,0.008452029450430288,1.0,1.0,,,,,
323,272803,323,0.013596763360817192,0.0,0.6666666666666666,,,,,
324,274204,324,0.006679721513143528,1.0,1.0,,,,,
325,275085,325,0.009352305728784857,1.0,1.0,,,,,
326,276054,326,0.010953899748114207,1.0,1.0,,,,,
327,277247,327,0.009934829233257158,0.0,0.6666666666666666,,,,,
328,278280,328,0.012098342928742307,0.0,0.6666666666666666,,,,,
329,278985,329,0.010924232360681567,1.0,1.0,0.013166520726380481,1.0,1.0,,
330,279810,330,0.011962908698266429,1.0,1.0,,,,,
331,280579,331,0.013715801803158355,1.0,1.0,,,,,
332,281404,332,0.011537332710406287,1.0,1.0,,,,,
333,282037,333,0.01346548697458817,0.0,0.6666666666666666,,,,,
334,282934,334,0.012015349368034995,1.0,1.0,,,,,
335,283895,335,0.012282613824072664,0.0,0.0,,,,,
336,284784,336,0.007568165581262728,1.0,1.0,,,,,
337,285681,337,0.008664761743016529,1.0,1.0,0.01450280702121758,0.0,0.6666666666666666,,
338,286562,338,0.013664030018175346,0.0,0.6666666666666666,,,,,
339,287291,339,0.010304062883588637,0.0,0.0,,,,,
340,288100,340,0.011154888736605289,0.0,0.6666666666666666,,,,,
341,288989,341,0.010718352545545772,1.0,1.0,,,,,
342,289774,342,0.015418434685300773,0.0,0.6666666666666666,,,,,
343,290807,343,0.012554099908355173,1.0,1.0,,,,,
344,291480,344,0.010540778460264093,0.0,0.6666666666666666,,,,,
345,292129,345,0.01134081905422449,1.0,1.0,0.01234380373089492,0.0,0.6666666666666666,,
346,292842,346,0.011414059825408156,1.0,1.0,,,,,
347,293795,347,0.01162176697383209,1.0,1.0,,,,,
348,294468,348,0.012004374825705355,1.0,1.0,,,,,
349,295237,349,0.011586719827591333,1.0,1.0,,,,,
350,295870,350,0.009737170300631304,0.0,0.0,,,,,
351,296935,351,0.014987931729069462,0.0,0.0,,,,,
352,297904,352,0.010527193688503236,0.0,0.6666666666666666,,,,,
353,298841,353,0.011926449620364285,1.0,1.0,0.011859630788854714,0.0,0.0,,
354,299850,354,0.009496838866719398,1.0,1.0,,,,,
355,300683,355,0.011707943858597589,1.0,1.0,,,,,
356,301628,356,0.011555741154583658,0.0,0.0,,,,,
357,302413,357,0.014148141288517503,0.0,0.0,,,,,
358,303366,358,0.007700303939913022,1.0,1.0,,,,,
359,304031,359,0.01017594820149592,0.0,0.6666666666666666,,,,,
360,304920,360,0.012117995975733747,1.0,1.0,,,,,
361,305881,361,0.01318597618015949,1.0,1.0,0.011173146796684913,0.0,0.6666666666666666,,
362,306610,362,0.01110647189971385,1.0,1.0,,,,,
363,307115,363,0.010020531413291041,1.0,1.0,,,,,
364,307756,364,0.011005752943199117,1.0,1.0,,,,,
365,308669,365,0.013007054019055522,0.0,0.6666666666666666,,,,,
366,309470,366,0.011308896588654202,1.0,1.0,,,,,
367,310311,367,0.014747533538899543,0.0,0.6666666666666666,,,,,
368,311424,368,0.012499547111437258,1.0,1.0,,,,,
369,312137,369,0.013340172235228244,1.0,1.0,0.012288594998395004,1.0,1.0,,
370,312954,370,0.011683841491738478,1.0,1.0,,,,,
371,313699,371,0.009691876482023114,1.0,1.0,,,,,
372,314300,372,0.012390396118878001,1.0,1.0,,,,,
373,314989,373,0.0118626241666617,0.0,0.6666666666666666,,,,,
374,315862,374,0.009605633894901749,1.0,1.0,,,,,
375,316647,375,0.013700623209309254,1.0,1.0,,,,,
376,317176,376,0.011708583497911963,1.0,1.0,,,,,
377,318185,377,0.010912212945686315,1.0,1.0,0.014911372236434635,1.0,1.0,,
378,318874,378,0.01190226280955497,1.0,1.0,,,,,
379,319835,379,0.013155737997166295,0.0,0.0,,,,,
380,320804,380,0.01239758687263352,0.0,0.6666666666666666,,,,,
381,321781,381,0.013229716923925676,1.0,1.0,,,,,
382,322438,382,0.011605991388284763,1.0,1.0,,,,,
383,323327,383,0.012819943231984463,1.0,1.0,,,,,
384,324064,384,0.008869395624101094,1.0,1.0,,,,,
385,325041,385,0.017227026269500685,0.0,0.0,0.01239216260203412,0.0,0.0,,
386,325770,386,0.008799321704712358,1.0,1.0,,,,,
387,326435,387,0.011337320806194942,1.0,1.0,,,,,
388,327228,388,0.010903651037439574,1.0,1.0,,,,,
389,328237,389,0.013560394189260408,0.0,0.0,,,,,
390,329030,390,0.016407176571474964,0.0,0.6666666666666666,,,,,
391,329927,391,0.01242413466289943,0.0,0.0,,,,,
392,331048,392,0.010548187056197067,1.0,1.0,,,,,
393,331697,393,0.013415102177615199,1.0,1.0,0.014330838600271498,0.0,0.0,,
394,332410,394,0.01515932069258128,1.0,1.0,,,,,
395,333323,395,0.013974391549327243,0.0,0.6666666666666666,,,,,
396,333908,396,0.012351586383912724,1.0,1.0,,,,,
397,334613,397,0.015466114874040275,0.0,0.6666666666666666,,,,,
398,335398,398,0.012337169493568894,0.0,0.0,,,,,
399,336303,399,0.011446049627414348,1.0,1.0,,,,,
400,337144,400,0.01692892545963159,0.0,0.6666666666666666,,,,,
401,338025,401,0.015259287193638628,0.0,0.6666666666666666,0.013019002837859719,1.0,1.0,,
402,338674,402,0.012596101018228069,1.0,1.0,,,,,
403,339315,403,0.018180702019271792,0.0,0.6666666666666666,,,,,
404,340020,404,0.013271503437673075,1.0,1.0,,,,,
405,341021,405,0.016175175770276426,1.0,1.0,,,,,
406,342126,406,0.01175693215988113,0.0,0.6666666666666666,,,,,
407,342815,407,0.013476186371078164,1.0,1.0,,,,,
408,343544,408,0.012772839560400855,0.0,0.6666666666666666,,,,,
409,344441,409,0.013466066690917338,0.0,0.6666666666666666,0.011614967456170877,0.0,0.6666666666666666,,
410,344970,410,0.011904483983215378,0.0,0.6666666666666666,,,,,
411,346019,411,0.01672383309019684,1.0,1.0,,,,,
412,347012,412,0.012641062959323938,1.0,1.0,,,,,
413,347861,413,0.01259435373129801,1.0,1.0,,,,,
414,348702,414,0.011269292519588983,1.0,1.0,,,,,
415,349447,415,0.011445549270988632,1.0,1.0,,,,,
416,350368,416,0.013346820903348754,0.0,0.6666666666666666,,,,,
417,351161,417,0.01331919629015993,1.0,1.0,0.011161328633108664,1.0,1.0,,
418,352266,418,0.009212131325117409,1.0,1.0,,,,,
419,352907,419,0.00865868783591849,1.0,1.0,,,,,
420,353468,420,0.012274724180061576,1.0,1.0,,,,,
421,354125,421,0.011051783141228483,1.0,1.0,,,,,
422,355006,422,0.01264889094705286,0.0,0.0,,,,,
423,355895,423,0.011689997314002562,1.0,1.0,,,,,
424,356448,424,0.011108336485304434,1.0,1.0,,,,,
425,357337,425,0.010917872964694335,1.0,1.0,0.012259720112292446,0.0,0.0,,
426,358010,426,0.011765342111495514,1.0,1.0,,,,,
427,358819,427,0.010876333662702261,0.0,0.0,,,,,
428,359492,428,0.013262828312875502,0.0,0.6666666666666666,,,,,
429,360533,429,0.012856671688148032,0.0,0.0,,,,,
430,361998,430,0.010928417069600765,1.0,1.0,,,,,
431,362727,431,0.011768005293026273,1.0,1.0,,,,,
432,363560,432,0.012018310033099014,1.0,1.0,,,,,
433,364505,433,0.0075502998668390735,1.0,1.0,0.011076051036722104,0.0,0.0,,
434,365402,434,0.010376971222502616,0.0,0.6666666666666666,,,,,
435,366051,435,0.014346868810585493,0.0,0.0,,,,,
436,367212,436,0.015092829750442112,0.0,0.6666666666666666,,,,,
437,367901,437,0.016080412672240293,0.0,0.0,,,,,
438,369054,438,0.011979752318428476,1.0,1.0,,,,,
439,369967,439,0.01334722746476779,1.0,1.0,,,,,
440,370736,440,0.009511504654175018,1.0,1.0,,,,,
441,371345,441,0.008580820615825279,1.0,1.0,0.008163286936477821,1.0,1.0,,
442,372402,442,0.013853383086288322,0.0,0.6666666666666666,,,,,
443,373099,443,0.010101328153218935,1.0,1.0,,,,,
444,373932,444,0.011244607183296297,0.0,0.6666666666666666,,,,,
445,374581,445,0.015566154464884015,0.0,0.6666666666666666,,,,,
446,375550,446,0.010787400207026633,1.0,1.0,,,,,
447,376239,447,0.01244552404041634,1.0,1.0,,,,,
448,377232,448,0.010640562359970537,0.0,0.0,,,,,
449,377969,449,0.012584873583933103,0.0,0.6666666666666666,0.009654812853371922,1.0,1.0,,
450,379082,450,0.009842072200104792,1.0,1.0,,,,,
451,379915,451,0.010979851653761091,1.0,1.0,,,,,
452,380708,452,0.014958505165332413,0.0,0.6666666666666666,,,,,
453,381493,453,0.01168710711791741,0.0,0.6666666666666666,,,,,
454,382502,454,0.013268683813200174,1.0,1.0,,,,,
455,383439,455,0.012375395198399615,1.0,1.0,,,,,
456,384224,456,0.01413762532795283,1.0,1.0,,,,,
457,384969,457,0.011418240164885633,1.0,1.0,0.008874034890350104,1.0,1.0,,
458,385826,458,0.010336869875899048,1.0,1.0,,,,,
459,386899,459,0.010663782275945367,1.0,1.0,,,,,
460,387964,460,0.010246943174531675,0.0,0.6666666666666666,,,,,
461,388917,461,0.013440443183616724,0.0,0.6666666666666666,,,,,
462,389750,462,0.013125418745168193,1.0,1.0,,,,,
463,390871,463,0.006905817709554465,1.0,1.0,,,,,
464,391568,464,0.013371525165209975,0.0,0.0,,,,,
465,392305,465,0.012666299435460743,0.0,0.0,0.01261056740030263,0.0,0.6666666666666666,,
466,392986,466,0.010124875961912923,1.0,1.0,,,,,
467,393595,467,0.01029096944895909,1.0,1.0,,,,,
468,394356,468,0.01230466280176177,0.0,0.0,,,,,
469,395165,469,0.011467338572033596,0.0,0.6666666666666666,,,,,
470,396158,470,0.011643282831033695,1.0,1.0,,,,,
471,397015,471,0.010206264933515197,1.0,1.0,,,,,
472,397680,472,0.011684592133449202,1.0,1.0,,,,,
473,398913,473,0.010156462038464454,1.0,1.0,0.010981162748326544,1.0,1.0,,
474,399954,474,0.007125628521208314,0.0,0.6666666666666666,,,,,
475,400787,475,0.008732840680073078,1.0,1.0,,,,,
476,401988,476,0.010392746237556115,1.0,1.0,,,,,
477,402661,477,0.011112463746712856,1.0,1.0,,,,,
478,403638,478,0.01225136359866468,1.0,1.0,,,,,
479,404503,479,0.008309979389795542,1.0,1.0,,,,,
480,405104,480,0.010991088030831913,1.0,1.0,,,,,
481,406305,481,0.010128260845193979,1.0,1.0,0.009496242430425858,1.0,1.0,,
482,406938,482,0.015708708505046187,0.0,0.6666666666666666,,,,0.6499999761581421,0.5613630229419703
483,407723,483,0.01041304349693162,1.0,1.0,,,,,
484,408460,484,0.011931750655245993,0.0,0.6666666666666666,,,,,
485,409437,485,0.014707055167145138,0.0,0.6666666666666666,,,,,
486,410278,486,0.010209597117923597,1.0,1.0,,,,,
487,411247,487,0.010276190800691884,1.0,1.0,,,,,
488,412272,488,0.011316387389698389,1.0,1.0,,,,,
489,413473,489,0.01182657216693341,1.0,1.0,0.010557931982251738,1.0,1.0,,
490,414218,490,0.011016342565720993,1.0,1.0,,,,,
491,414987,491,0.012522423751905579,1.0,1.0,,,,,
492,415964,492,0.011678172529563755,1.0,1.0,,,,,
493,416549,493,0.010437496707855707,0.0,0.6666666666666666,,,,,
494,417366,494,0.010780583387101009,1.0,1.0,,,,,
495,418223,495,0.010066641201870048,1.0,1.0,,,,,
496,419032,496,0.009402155913741961,1.0,1.0,,,,,
497,419913,497,0.010997798404224856,0.0,0.0,0.010116439423130667,1.0,1.0,,
498,420962,498,0.008714202578606521,1.0,1.0,,,,,
499,422195,499,0.009952621770271052,1.0,1.0,,,,,
500,422868,500,0.012144690119737251,1.0,1.0,,,,,
501,423525,501,0.009937277290103283,1.0,1.0,,,,,
502,424294,502,0.008895806594127283,1.0,1.0,,,,,
503,425335,503,0.005757909383960894,1.0,1.0,,,,,
504,426280,504,0.010190832287470163,0.0,0.0,,,,,
505,427065,505,0.010064641520868977,1.0,1.0,0.011471435125184776,0.0,0.6666666666666666,,
506,427970,506,0.011576017346947702,1.0,1.0,,,,,
507,428691,507,0.014587372193005274,0.0,0.0,,,,,
508,429476,508,0.014630239490041523,1.0,1.0,,,,,
509,430381,509,0.011464136535078004,1.0,1.0,,,,,
510,431430,510,0.01681187930322536,1.0,1.0,,,,,
511,432503,511,0.010556658574474152,1.0,1.0,,,,,
512,433200,512,0.011351275370216428,1.0,1.0,,,,,
513,433993,513,0.013094727465407038,0.0,0.6666666666666666,0.009591583159716602,1.0,1.0,,
514,435050,514,0.009916347944140173,1.0,1.0,,,,,
515,436059,515,0.014985724724626337,1.0,1.0,,,,,
516,436972,516,0.011844385401011329,1.0,1.0,,,,,
517,438037,517,0.010108972402019278,0.0,0.6666666666666666,,,,,
518,438646,518,0.008007040087499511,1.0,1.0,,,,,
519,439439,519,0.012460088145697858,1.0,1.0,,,,,
520,440080,520,0.011823531422385031,1.0,1.0,,,,,
521,440865,521,0.012388835374908574,1.0,1.0,0.012050908040164093,1.0,1.0,,
522,441538,522,0.008332723327977793,1.0,1.0,,,,,
523,442403,523,0.0077375870295004045,1.0,1.0,,,,,
524,443164,524,0.011298340600127297,0.0,0.0,,,,,
525,443941,525,0.009719194820058955,0.0,0.0,,,,,
526,444950,526,0.008941925028357039,1.0,1.0,,,,,
527,445607,527,0.011301814355440315,0.0,0.6666666666666666,,,,,
528,446304,528,0.010459830938097983,0.0,0.0,,,,,
529,446985,529,0.011155720229687208,1.0,1.0,0.01410824313315742,1.0,1.0,,
530,447922,530,0.012022765475205503,1.0,1.0,,,,,
531,448827,531,0.011678640429813914,1.0,1.0,,,,,
532,449988,532,0.014682200953896099,0.0,0.6666666666666666,,,,,
533,450981,533,0.011482765278434424,1.0,1.0,,,,,
534,451862,534,0.0110293446685044,1.0,1.0,,,,,
535,452983,535,0.010063765206917584,1.0,1.0,,,,,
536,453816,536,0.01302144730281712,0.0,0.6666666666666666,,,,,
537,454809,537,0.010338253069468737,1.0,1.0,0.011705772815187603,1.0,1.0,,
538,455482,538,0.010799353112511406,1.0,1.0,,,,,
539,456947,539,0.010559478774146825,1.0,1.0,,,,,
540,457916,540,0.00802438889656481,1.0,1.0,,,,,
541,458925,541,0.012427104929955801,1.0,1.0,,,,,
542,459814,542,0.009706136392475952,1.0,1.0,,,,,
543,460855,543,0.01101739067679519,1.0,1.0,,,,,
544,461448,544,0.011168647259867815,1.0,1.0,,,,,
545,462113,545,0.008661408898825254,1.0,1.0,0.009830901576926697,1.0,1.0,,
546,462826,546,0.009875837700776456,1.0,1.0,,,,,
547,463723,547,0.011226783208862248,1.0,1.0,,,,,
548,464372,548,0.01192055164938505,1.0,1.0,,,,,
549,465325,549,0.011870229393787015,1.0,1.0,,,,,
550,466182,550,0.012227886891505002,1.0,1.0,,,,,
551,466887,551,0.013640397394008952,1.0,1.0,,,,,
552,467920,552,0.00797267073830067,1.0,1.0,,,,,
553,468465,553,0.008814524727232254,1.0,1.0,0.011194640708283488,1.0,1.0,,
554,469170,554,0.01173220950057931,1.0,1.0,,,,,
555,469859,555,0.013120509385846102,0.0,0.0,,,,,
556,470772,556,0.013251588619366459,1.0,1.0,,,,,
557,471605,557,0.01236396843834175,1.0,1.0,,,,,
558,472302,558,0.013273741530272068,1.0,1.0,,,,,
559,472951,559,0.012463115863553429,0.0,0.6666666666666666,,,,,
560,473648,560,0.011145408959716935,0.0,0.6666666666666666,,,,,
561,474489,561,0.010513359079659536,1.0,1.0,0.012127389130650583,1.0,1.0,,
562,475178,562,0.01105025345702729,1.0,1.0,,,,,
563,476379,563,0.01568600467865256,1.0,1.0,,,,,
564,477052,564,0.012128741961508432,0.0,0.6666666666666666,,,,,
565,477845,565,0.014594826273701136,1.0,1.0,,,,,
566,478678,566,0.008012983804649739,1.0,1.0,,,,,
567,479511,567,0.01061797829991766,1.0,1.0,,,,,
568,480208,568,0.010222086052016554,1.0,1.0,,,,,
569,481065,569,0.013486937348759344,1.0,1.0,0.008440015879993292,1.0,1.0,,
570,481970,570,0.010668154087471921,0.0,0.0,,,,,
571,483003,571,0.011284044498778073,1.0,1.0,,,,,
572,483980,572,0.011355850581532382,0.0,0.6666666666666666,,,,,
573,484829,573,0.012011581511498151,0.0,0.0,,,,,
574,485606,574,0.010178983718821297,1.0,1.0,,,,,
575,486415,575,0.008560694631937864,1.0,1.0,,,,,
576,487056,576,0.006785777906238958,1.0,1.0,,,,,
577,487841,577,0.012917507775492604,1.0,1.0,0.013102746193678521,1.0,1.0,,
578,488922,578,0.014509906627710975,0.0,0.6666666666666666,,,,,
579,489875,579,0.01016039418190307,1.0,1.0,,,,,
580,490564,580,0.010751913867151556,1.0,1.0,,,,,
581,491677,581,0.011708519956672696,1.0,1.0,,,,,
582,492566,582,0.007208824911113684,1.0,1.0,,,,,
583,493687,583,0.006311925177312759,1.0,1.0,,,,,
584,494584,584,0.008972451132707214,1.0,1.0,,,,,
585,495473,585,0.013041506779492675,0.0,0.6666666666666666,0.009710951413600396,1.0,1.0,,
586,496666,586,0.00935032781387211,0.0,0.6666666666666666,,,,,
587,497467,587,0.014347826576101841,0.0,0.6666666666666666,,,,,
588,498180,588,0.009549262697469566,1.0,1.0,,,,,
589,498877,589,0.009668575524728565,0.0,0.0,,,,,
590,499702,590,0.010374791581116758,1.0,1.0,,,,,
591,500591,591,0.010117718895514827,1.0,1.0,,,,,
592,501120,592,0.010500991945996711,1.0,1.0,,,,,
593,502009,593,0.008799548259826923,1.0,1.0,0.008275183328907455,1.0,1.0,,
594,502914,594,0.011154308201765576,1.0,1.0,,,,,
595,503867,595,0.007067325940444769,1.0,1.0,,,,,
596,504564,596,0.011365307389638512,1.0,1.0,,,,,
597,505525,597,0.011436152943738532,0.0,0.0,,,,,
598,506382,598,0.009491672229888157,0.0,0.6666666666666666,,,,,
599,507431,599,0.012913494820779005,1.0,1.0,,,,,
600,508032,600,0.011194706175901811,1.0,1.0,,,,,
601,509001,601,0.011683756136359698,1.0,1.0,0.011070958534851133,1.0,1.0,,
602,509730,602,0.008431125753519996,1.0,1.0,,,,,
603,510435,603,0.009681624388653215,1.0,1.0,,,,,
604,511332,604,0.00909944635501049,0.0,0.6666666666666666,,,,,
605,511949,605,0.014150691188321463,0.0,0.6666666666666666,,,,,
606,512782,606,0.009694719361846654,1.0,1.0,,,,,
607,513671,607,0.011402285015480884,1.0,1.0,,,,,
608,514632,608,0.010448945508205711,1.0,1.0,,,,,
609,515601,609,0.010403042774627998,1.0,1.0,0.01057390650709383,1.0,1.0,,
610,516754,610,0.011452487244688227,1.0,1.0,,,,,
611,517747,611,0.01219414185215008,1.0,1.0,,,,,
612,518428,612,0.01110822616712451,1.0,1.0,,,,,
613,519301,613,0.008695329160693115,1.0,1.0,,,,,
614,520398,614,0.009926125343185353,1.0,1.0,,,,,
615,521111,615,0.01469547707501136,0.0,0.6666666666666666,,,,,
616,522032,616,0.010209860763045194,0.0,0.0,,,,,
617,522777,617,0.008778368042741567,1.0,1.0,0.012674547309585183,0.0,0.6666666666666666,,
618,523514,618,0.01305239115809411,1.0,1.0,,,,,
619,524243,619,0.007841018908562217,1.0,1.0,,,,,
620,525044,620,0.012991558773073945,0.0,0.0,,,,,
621,525773,621,0.008232957571493057,1.0,1.0,,,,,
622,526446,622,0.010465316232027783,1.0,1.0,,,,,
623,527375,623,0.011059642856391409,0.0,0.0,,,,,
624,528496,624,0.009837580865802598,1.0,1.0,,,,,
625,529225,625,0.009892198803724672,1.0,1.0,0.0160828176702716,0.0,0.6666666666666666,,
626,530122,626,0.011220987684993014,1.0,1.0,,,,,
627,531043,627,0.0122128673367282,0.0,0.6666666666666666,,,,,
628,531692,628,0.00958188627307424,1.0,1.0,,,,,
629,532373,629,0.015454622839906867,0.0,0.6666666666666666,,,,,
630,532974,630,0.010267899652719816,1.0,1.0,,,,,
631,533503,631,0.008429599799791411,1.0,1.0,,,,,
632,534496,632,0.0125244890049392,1.0,1.0,,,,,
633,535281,633,0.010807152430431372,1.0,1.0,0.013691248233977464,0.0,0.6666666666666666,,
634,536178,634,0.011153159731051313,1.0,1.0,,,,,
635,536923,635,0.012925121160454524,1.0,1.0,,,,,
636,537932,636,0.012298298569878937,1.0,1.0,,,,,
637,538821,637,0.009460620528425574,1.0,1.0,,,,,
638,539726,638,0.011162695708975203,0.0,0.6666666666666666,,,,,
639,540671,639,0.010166669994249217,1.0,1.0,,,,,
640,541528,640,0.009542632319019756,1.0,1.0,,,,,
641,542633,641,0.008738687066479591,1.0,1.0,0.0122380265273419,0.0,0.6666666666666666,,
642,543514,642,0.011557027875669776,0.0,0.6666666666666666,,,,,
643,544275,643,0.014253332322999893,0.0,0.0,,,,,
644,544932,644,0.011214202348476686,1.0,1.0,,,,,
645,545677,645,0.010474776518029198,1.0,1.0,,,,,
646,546534,646,0.00947334914204253,1.0,1.0,,,,,
647,547495,647,0.012850419146533159,0.0,0.0,,,,,
648,548264,648,0.010862430175156729,1.0,1.0,,,,,
649,549073,649,0.009696610673163138,1.0,1.0,0.014596188363779163,0.0,0.0,,
650,549826,650,0.00888733466029466,1.0,1.0,,,,,
651,550379,651,0.009665178127288114,1.0,1.0,,,,,
652,551372,652,0.010411806042816362,0.0,0.0,,,,,
653,552253,653,0.008357174796179192,1.0,1.0,,,,,
654,553198,654,0.011160752240253598,0.0,0.0,,,,,
655,553991,655,0.010156501431631756,1.0,1.0,,,,,
656,554848,656,0.010121383983620802,1.0,1.0,,,,,
657,555817,657,0.011759680959998643,0.0,0.6666666666666666,0.011097063212492347,1.0,1.0,,
658,556490,658,0.01044578959063887,1.0,1.0,,,,,
659,557051,659,0.011787794836140526,1.0,1.0,,,,,
660,558156,660,0.009865832462592112,0.0,0.6666666666666666,,,,,
661,559109,661,0.01096873895422316,0.0,0.6666666666666666,,,,,
662,559942,662,0.008911388554154447,1.0,1.0,,,,,
663,560623,663,0.008624241328444684,1.0,1.0,,,,,
664,561544,664,0.011570799069024385,1.0,1.0,,,,,
665,562233,665,0.01449297033463705,0.0,0.0,0.012037521604399973,1.0,1.0,,
666,562818,666,0.011891637940335402,1.0,1.0,,,,,
667,563819,667,0.01124591676813041,1.0,1.0,,,,,
668,564524,668,0.012046951705584273,1.0,1.0,,,,,
669,565189,669,0.010629079778249506,1.0,1.0,,,,,
670,565822,670,0.00951649898170799,0.0,0.0,,,,,
671,566591,671,0.01007779503844011,1.0,1.0,,,,,
672,567256,672,0.009941189176994976,1.0,1.0,,,,,
673,568089,673,0.010313948506753007,0.0,0.6666666666666666,0.017999623751615637,0.0,0.0,,
674,569002,674,0.011693624960026556,1.0,1.0,,,,,
675,569891,675,0.011001377558981612,1.0,1.0,,,,,
676,570836,676,0.008161955299076212,0.0,0.6666666666666666,,,,,
677,571837,677,0.015436831760938557,1.0,1.0,,,,,
678,572486,678,0.013731176546421978,0.0,0.0,,,,,
679,573367,679,0.011207557767671168,0.0,0.0,,,,,
680,574160,680,0.01037009493363919,0.0,0.0,,,,,
681,575137,681,0.012485011007217625,0.0,0.0,0.009667805699538286,0.0,0.0,,
682,575866,682,0.010381919213800222,1.0,1.0,,,,,
683,576931,683,0.01258655339928278,1.0,1.0,,,,,
684,577660,684,0.011548539716907039,1.0,1.0,,,,,
685,578373,685,0.012327465355122443,0.0,0.6666666666666666,,,,,
686,579206,686,0.010786670715920986,0.0,0.6666666666666666,,,,,
687,579919,687,0.013298797534797947,0.0,0.6666666666666666,,,,,
688,581032,688,0.008667806822950567,1.0,1.0,,,,,
689,581873,689,0.01188878440173084,1.0,1.0,0.00904528888757412,1.0,1.0,,
690,582930,690,0.010939511025888565,1.0,1.0,,,,,
691,583867,691,0.011511273672570642,1.0,1.0,,,,,
692,584644,692,0.007622391426394339,1.0,1.0,,,,,
693,585277,693,0.01080741707943317,1.0,1.0,,,,,
694,586006,694,0.010768888687767472,1.0,1.0,,,,,
695,587047,695,0.010518846523943038,1.0,1.0,,,,,
696,588056,696,0.011477229777362133,0.0,0.6666666666666666,,,,,
697,588561,697,0.008748200355507753,1.0,1.0,0.01451065509619282,0.0,0.0,,
698,589218,698,0.013103958670121244,0.0,0.6666666666666666,,,,,
699,590227,699,0.010410111338249126,1.0,1.0,,,,,
700,591628,700,0.006051085809759064,1.0,1.0,,,,,
701,592565,701,0.01136657380658193,1.0,1.0,,,,,
702,593302,702,0.012962803441136955,0.0,0.6666666666666666,,,,,
703,593991,703,0.011949452704734688,0.0,0.6666666666666666,,,,,
704,594920,704,0.015180050807822752,0.0,0.6666666666666666,,,,,
705,595993,705,0.009743025712981569,1.0,1.0,0.01162050820993506,1.0,1.0,,
706,596810,706,0.009861923096852455,1.0,1.0,,,,,
707,597651,707,0.012811050619364998,1.0,1.0,,,,,
708,598388,708,0.008117761326796468,1.0,1.0,,,,,
709,599037,709,0.011999150167400522,1.0,1.0,,,,,
710,599870,710,0.010362042087452126,0.0,0.6666666666666666,,,,,
711,600751,711,0.009338721316056883,1.0,1.0,,,,,
712,601392,712,0.009800893146057945,1.0,1.0,,,,,
713,602049,713,0.010749501238377718,1.0,1.0,0.008775274608252758,0.0,0.6666666666666666,,
714,602658,714,0.008673553334304333,1.0,1.0,,,,,
715,603483,715,0.010625146804746228,1.0,1.0,,,,,
716,604268,716,0.012516813852141763,1.0,1.0,,,,,
717,605173,717,0.009422065370782143,1.0,1.0,,,,,
718,606150,718,0.01572667134623546,0.0,0.0,,,,,
719,606823,719,0.010322283849603486,0.0,0.0,,,,,
720,607656,720,0.010222424712426938,1.0,1.0,,,,,
721,608257,721,0.010452337252855378,1.0,1.0,0.009941501202549847,1.0,1.0,,
722,609058,722,0.009666198268970933,1.0,1.0,,,,,
723,609731,723,0.01015470895222076,1.0,1.0,,,,0.6499999761581421,0.6528404344193818
724,610460,724,0.010261952539628125,1.0,1.0,,,,,
725,611117,725,0.009215176828054204,1.0,1.0,,,,,
726,611790,726,0.009814541362604467,1.0,1.0,,,,,
727,612823,727,0.01094269820905952,1.0,1.0,,,,,
728,613720,728,0.010275586161906531,1.0,1.0,,,,,
729,614529,729,0.00899591264068409,1.0,1.0,0.01341583056660927,0.0,0.6666666666666666,,
730,615258,730,0.009890217641426842,1.0,1.0,,,,,
731,615907,731,0.011378202199180659,1.0,1.0,,,,,
732,616900,732,0.009527885710072136,0.0,0.0,,,,,
733,618053,733,0.010844661363089274,1.0,1.0,,,,,
734,618830,734,0.009283007269613973,1.0,1.0,,,,,
735,619719,735,0.008858921881726342,1.0,1.0,,,,,
736,620672,736,0.010397179380259329,0.0,0.6666666666666666,,,,,
737,621513,737,0.011783391486786254,1.0,1.0,0.0109621192390153,1.0,1.0,,
738,622522,738,0.00819428504254082,1.0,1.0,,,,,
739,623427,739,0.01052405205130254,1.0,1.0,,,,,
740,624164,740,0.012019862801605122,1.0,1.0,,,,,
741,625125,741,0.01213267142595507,0.0,0.0,,,,,
742,625870,742,0.009745445522811945,1.0,1.0,,,,,
743,626655,743,0.010490636256332491,1.0,1.0,,,,,
744,627736,744,0.012103662369602947,1.0,1.0,,,,,
745,628705,745,0.007373659427478359,1.0,1.0,0.01137789293007925,1.0,1.0,,
746,629642,746,0.011568731903721144,0.0,0.0,,,,,
747,630411,747,0.010949281757104004,1.0,1.0,,,,,
748,630996,748,0.011027794602963057,1.0,1.0,,,,,
749,631709,749,0.013046150898266823,1.0,1.0,,,,,
750,632438,750,0.007626474043562757,1.0,1.0,,,,,
751,633415,751,0.010689029785616169,1.0,1.0,,,,,
752,634368,752,0.010981102634542559,1.0,1.0,,,,,
753,635041,753,0.009809054974329818,1.0,1.0,0.012374914921150707,0.0,0.0,,
754,635746,754,0.00942989173670274,1.0,1.0,,,,,
755,636539,755,0.011838947532316674,1.0,1.0,,,,,
756,637588,756,0.01584169283996158,1.0,1.0,,,,,
757,638309,757,0.011665949601632048,1.0,1.0,,,,,
758,639086,758,0.0070762077515982725,1.0,1.0,,,,,
759,639783,759,0.008829042758653078,1.0,1.0,,,,,
760,640616,760,0.009601856303131429,1.0,1.0,,,,,
761,641521,761,0.008653536532485307,1.0,1.0,0.009038305391155455,1.0,1.0,,
762,642258,762,0.008674542664211894,1.0,1.0,,,,,
763,642891,763,0.006247350668699737,1.0,1.0,,,,,
764,643716,764,0.009820644478005229,1.0,1.0,,,,,
765,644549,765,0.007864886072995524,1.0,1.0,,,,,
766,645526,766,0.01439349771560817,1.0,1.0,,,,,
767,646631,767,0.008333046716626503,1.0,1.0,,,,,
768,647536,768,0.009910741881930982,1.0,1.0,,,,,
769,648177,769,0.0058681185378795684,1.0,1.0,0.013097104012461587,0.0,0.0,,
770,648914,770,0.00707042900493449,1.0,1.0,,,,,
771,649611,771,0.009870209379900586,1.0,1.0,,,,,
772,650340,772,0.013790413986195694,0.0,0.0,,,,,
773,651021,773,0.007936699268213183,1.0,1.0,,,,,
774,652062,774,0.01046095294495624,1.0,1.0,,,,,
775,652919,775,0.009352059358551212,1.0,1.0,,,,,
776,653840,776,0.008903715288915252,1.0,1.0,,,,,
777,654537,777,0.012046108494076552,1.0,1.0,0.01359175654888459,0.0,0.6666666666666666,,
778,655226,778,0.009926752315177662,1.0,1.0,,,,,
779,656235,779,0.00984365784987879,1.0,1.0,,,,,
780,656932,780,0.009981079948055896,1.0,1.0,,,,,
781,657765,781,0.012993573035898138,0.0,0.6666666666666666,,,,,
782,658966,782,0.01486308018235893,1.0,1.0,,,,,
783,659759,783,0.009417690545164352,1.0,1.0,,,,,
784,660768,784,0.013645616866676338,1.0,1.0,,,,,
785,661553,785,0.011529205483083392,0.0,0.6666666666666666,0.015745975569759485,0.0,0.6666666666666666,,
786,662226,786,0.010356553134828854,1.0,1.0,,,,,
787,662955,787,0.009913738838259245,0.0,0.6666666666666666,,,,,
788,663900,788,0.009563493922375512,1.0,1.0,,,,,
789,664613,789,0.008789018380790044,1.0,1.0,,,,,
790,665806,790,0.008720518422013327,0.0,0.6666666666666666,,,,,
791,666503,791,0.008188062866296296,1.0,1.0,,,,,
792,667264,792,0.012506466305848566,1.0,1.0,,,,,
793,668273,793,0.011642284170707447,1.0,1.0,0.018865885382754643,0.0,0.6666666666666666,,
794,669130,794,0.009154609700006018,1.0,1.0,,,,,
795,669859,795,0.007306290558406498,1.0,1.0,,,,,
796,670748,796,0.009613620533674459,1.0,1.0,,,,,
797,671581,797,0.010326223957675561,1.0,1.0,,,,,
798,672310,798,0.0078765521756256,1.0,1.0,,,,,
799,673271,799,0.010671306918600935,0.0,0.0,,,,,
800,674128,800,0.009170216460005523,1.0,1.0,,,,,
801,675081,801,0.009419997104227163,1.0,1.0,0.014123580999863453,1.0,1.0,,
802,675970,802,0.010444481823687048,1.0,1.0,,,,,
803,677011,803,0.010441842758405442,1.0,1.0,,,,,
804,677748,804,0.007381968655257775,1.0,1.0,,,,,
805,678461,805,0.00909837206533637,1.0,1.0,,,,,
806,679254,806,0.009054739277876558,1.0,1.0,,,,,
807,680303,807,0.0077644266599357385,1.0,1.0,,,,,
808,681112,808,0.008044219009264325,1.0,1.0,,,,,
809,681945,809,0.010669504461904128,0.0,0.6666666666666666,0.012187580178594141,0.0,0.0,,
810,682650,810,0.012515068063185985,1.0,1.0,,,,,
811,683659,811,0.011858998353347404,1.0,1.0,,,,,
812,684780,812,0.01001879058063778,0.0,0.0,,,,,
813,685429,813,0.010862270872174146,1.0,1.0,,,,,
814,686118,814,0.011193851617031717,1.0,1.0,,,,,
815,687191,815,0.009253264661926877,1.0,1.0,,,,,
816,687848,816,0.00849810601489789,1.0,1.0,,,,,
817,688745,817,0.010686621675915609,1.0,1.0,0.010255877786687772,1.0,1.0,,
818,689746,818,0.01504652401867114,1.0,1.0,,,,,
819,690603,819,0.009117964895213146,1.0,1.0,,,,,
820,691540,820,0.01107699320442282,1.0,1.0,,,,,
821,692485,821,0.006304941180278899,1.0,1.0,,,,,
822,693310,822,0.009933008989387045,1.0,1.0,,,,,
823,693863,823,0.00894977093424745,1.0,1.0,,,,,
824,694856,824,0.01009795565564215,1.0,1.0,,,,,
825,695697,825,0.01022716630550705,0.0,0.0,0.008858717745581788,1.0,1.0,,
826,696930,826,0.009463333748657862,0.0,0.0,,,,,
827,697811,827,0.0102154296128602,1.0,1.0,,,,,
828,698468,828,0.00984657926112164,1.0,1.0,,,,,
829,699461,829,0.012042532339959312,1.0,1.0,,,,,
830,700358,830,0.007297093903687881,1.0,1.0,,,,,
831,701471,831,0.008753982208515842,1.0,1.0,,,,,
832,702584,832,0.0110945855592209,1.0,1.0,,,,,
833,703473,833,0.006839282074877297,1.0,1.0,0.008866031695700521,1.0,1.0,,
834,704146,834,0.007386714661036945,1.0,1.0,,,,,
835,705611,835,0.01002370951801818,1.0,1.0,,,,,
836,706644,836,0.007363310647516186,1.0,1.0,,,,,
837,707301,837,0.010263404157551136,1.0,1.0,,,,,
838,707990,838,0.011708466882200381,1.0,1.0,,,,,
839,708967,839,0.007929821887975027,1.0,1.0,,,,,
840,709616,840,0.01078829388466836,1.0,1.0,,,,,
841,710273,841,0.012543748376073248,0.0,0.6666666666666666,0.012285827990417093,1.0,1.0,,
842,710802,842,0.006299966676890582,1.0,1.0,,,,,
843,711771,843,0.011421760391824652,0.0,0.6666666666666666,,,,,
844,712828,844,0.0103892428979553,1.0,1.0,,,,,
845,713821,845,0.010513303501146206,1.0,1.0,,,,,
846,714790,846,0.011596518995819788,0.0,0.6666666666666666,,,,,
847,715319,847,0.009361867073543863,1.0,1.0,,,,,
848,716160,848,0.01129852829353043,0.0,0.6666666666666666,,,,,
849,716745,849,0.00714476530457581,1.0,1.0,0.01737707321106335,0.0,0.0,,
850,718146,850,0.005778857468267348,1.0,1.0,,,,,
851,719027,851,0.011101093108677153,0.0,0.6666666666666666,,,,,
852,719780,852,0.008087771356875648,1.0,1.0,,,,,
853,720573,853,0.013968275310278833,1.0,1.0,,,,,
854,721478,854,0.010407665150014149,1.0,1.0,,,,,
855,722535,855,0.009146429994152182,1.0,1.0,,,,,
856,723376,856,0.0109299157330206,1.0,1.0,,,,,
857,724161,857,0.011910948888738242,1.0,1.0,0.01010766950891162,1.0,1.0,,
858,725186,858,0.010591553211080674,1.0,1.0,,,,,
859,725859,859,0.008927413998495197,1.0,1.0,,,,,
860,726692,860,0.01004890363447285,1.0,1.0,,,,,
861,727645,861,0.006283980648094615,1.0,1.0,,,,,
862,728358,862,0.01126298667817536,1.0,1.0,,,,,
863,729215,863,0.007073113429904866,1.0,1.0,,,,,
864,730128,864,0.01084682392949851,1.0,1.0,,,,,
865,730817,865,0.010461803192589417,1.0,1.0,0.010595738779384153,0.0,0.6666666666666666,,
866,731818,866,0.010572267939894974,1.0,1.0,,,,,
867,732483,867,0.00715565475855057,1.0,1.0,,,,,
868,733164,868,0.010147997796753542,1.0,1.0,,,,,
869,734077,869,0.010456757393670546,1.0,1.0,,,,,
870,734742,870,0.009706977562446055,1.0,1.0,,,,,
871,735407,871,0.009352907613417574,1.0,1.0,,,,,
872,736152,872,0.010100811443655114,1.0,1.0,,,,,
873,737025,873,0.008171210703311223,1.0,1.0,0.012603502380363315,0.0,0.0,,
874,738034,874,0.010223481151501327,1.0,1.0,,,,,
875,739003,875,0.009808215405748744,1.0,1.0,,,,,
876,740068,876,0.012379671962207161,0.0,0.0,,,,,
877,740813,877,0.012080360332483895,1.0,1.0,,,,,
878,741598,878,0.011726378673180849,1.0,1.0,,,,,
879,742559,879,0.009788837609181894,1.0,1.0,,,,,
880,743344,880,0.010447887935654841,0.0,0.0,,,,,
881,744321,881,0.011387606377172165,1.0,1.0,0.01637931385754967,0.0,0.0,,
882,745242,882,0.00945957114629233,0.0,0.6666666666666666,,,,,
883,745955,883,0.00959470407378101,1.0,1.0,,,,,
884,746892,884,0.010620855676341969,1.0,1.0,,,,,
885,747485,885,0.009741103326194146,1.0,1.0,,,,,
886,748158,886,0.009615635357241714,1.0,1.0,,,,,
887,749063,887,0.010264501066994836,1.0,1.0,,,,,
888,749952,888,0.00899937058759775,1.0,1.0,,,,,
889,750857,889,0.008439147415664757,1.0,1.0,0.01308918676143723,1.0,1.0,,
890,751538,890,0.007625389640846075,1.0,1.0,,,,,
891,752139,891,0.009285150266697071,1.0,1.0,,,,,
892,753020,892,0.007754897432527911,1.0,1.0,,,,,
893,754221,893,0.011111775999665834,1.0,1.0,,,,,
894,754854,894,0.01027973103647214,1.0,1.0,,,,,
895,755895,895,0.0049627318291929805,1.0,1.0,,,,,
896,756776,896,0.008768843018791743,1.0,1.0,,,,,
897,757665,897,0.01008094004334913,1.0,1.0,0.012215755191152873,1.0,1.0,,
898,758434,898,0.00923253976402809,1.0,1.0,,,,,
899,759243,899,0.007787168308914376,1.0,1.0,,,,,
900,759860,900,0.009437469795586706,1.0,1.0,,,,,
901,760965,901,0.009638182193474646,0.0,0.6666666666666666,,,,,
902,761798,902,0.009010808611855235,1.0,1.0,,,,,
903,762583,903,0.011648400299999476,1.0,1.0,,,,,
904,763288,904,0.011159055333734796,1.0,1.0,,,,,
905,764121,905,0.008276977203756933,1.0,1.0,0.009951284584489054,1.0,1.0,,
906,764730,906,0.007747972935922586,1.0,1.0,,,,,
907,765675,907,0.008749108827208736,1.0,1.0,,,,,
908,766564,908,0.011534532471070245,1.0,1.0,,,,,
909,767485,909,0.010843158986131276,1.0,1.0,,,,,
910,768454,910,0.009830625531231025,1.0,1.0,,,,,
911,769159,911,0.010573562424397363,1.0,1.0,,,,,
912,770072,912,0.012037779111634355,1.0,1.0,,,,,
913,770905,913,0.00742876584563183,1.0,1.0,0.011464910630696497,1.0,1.0,,
914,771834,914,0.011812421315029619,0.0,0.0,,,,,
915,772595,915,0.009341127552882137,1.0,1.0,,,,,
916,773660,916,0.00794119181322203,1.0,1.0,,,,,
917,774205,917,0.007669736873533488,1.0,1.0,,,,,
918,775198,918,0.011772893832236833,1.0,1.0,,,,,
919,776015,919,0.009321234898409613,1.0,1.0,,,,,
920,776656,920,0.009184205601864724,1.0,1.0,,,,,
921,777817,921,0.013247665365584237,1.0,1.0,0.01621477029855551,0.0,0.6666666666666666,,
922,778714,922,0.010294005888544011,1.0,1.0,,,,,
923,779547,923,0.008562956366430518,1.0,1.0,,,,,
924,780180,924,0.01213797752026294,1.0,1.0,,,,,
925,780741,925,0.009947154947062465,1.0,1.0,,,,,
926,781542,926,0.01077607249953531,1.0,1.0,,,,,
927,782287,927,0.008101522019325805,1.0,1.0,,,,,
928,783144,928,0.012513997847567656,1.0,1.0,,,,,
929,784001,929,0.011502163412309195,1.0,1.0,0.01833006236798631,0.0,0.0,,
930,784882,930,0.010732444785336862,1.0,1.0,,,,,
931,785571,931,0.009663599953275627,1.0,1.0,,,,,
932,786420,932,0.010548205746262352,1.0,1.0,,,,,
933,787069,933,0.008856999201221984,1.0,1.0,,,,,
934,787766,934,0.008872023586024944,1.0,1.0,,,,,
935,788583,935,0.009069273868004346,1.0,1.0,,,,,
936,789528,936,0.009655087847141045,0.0,0.0,,,,,
937,790433,937,0.010389095070548922,1.0,1.0,0.009956892195192864,1.0,1.0,,
938,791330,938,0.010856213980070674,0.0,0.6666666666666666,,,,,
939,792099,939,0.009792375242059411,1.0,1.0,,,,,
940,792988,940,0.007854597551078838,1.0,1.0,,,,,
941,793669,941,0.009799230150728944,1.0,1.0,,,,,
942,794790,942,0.005837576592331909,1.0,1.0,,,,,
943,795863,943,0.009586217746185823,1.0,1.0,,,,,
944,796560,944,0.008693602168643675,1.0,1.0,,,,,
945,797353,945,0.011348234524353433,1.0,1.0,0.010929989042420084,1.0,1.0,,
946,798122,946,0.008005204019623822,1.0,1.0,,,,,
947,798771,947,0.010691560511734609,1.0,1.0,,,,,
948,799892,948,0.009446654871048413,1.0,1.0,,,,,
949,800669,949,0.007673419098451368,1.0,1.0,,,,,
950,801534,950,0.006999433563585565,1.0,1.0,,,,,
951,802319,951,0.013508550396589356,1.0,1.0,,,,,
952,803200,952,0.009347588197818005,1.0,1.0,,,,,
953,804129,953,0.0141907980226389,0.0,0.6666666666666666,0.010217871490239786,1.0,1.0,,
954,805330,954,0.009575757498054761,1.0,1.0,,,,,
955,806307,955,0.012784536816015792,0.0,0.6666666666666666,,,,,
956,807404,956,0.009298984660736694,1.0,1.0,,,,,
957,808013,957,0.0068761348161041486,1.0,1.0,,,,,
958,808654,958,0.010564612396049337,1.0,1.0,,,,,
959,809159,959,0.00794176910404999,1.0,1.0,,,,,
960,810208,960,0.011965174858627522,1.0,1.0,,,,,
961,811177,961,0.0094325064398639,1.0,1.0,0.013243698333107451,0.0,0.6666666666666666,,
962,811922,962,0.00974494912299813,1.0,1.0,,,,,
963,812619,963,0.007971967852021896,1.0,1.0,,,,0.7333333492279053,0.7348782580489898
964,813660,964,0.004964653696898329,1.0,1.0,,,,,
965,814509,965,0.010381037931589945,1.0,1.0,,,,,
966,815374,966,0.006858314704630365,1.0,1.0,,,,,
967,816103,967,0.009350213985202473,1.0,1.0,,,,,
968,816800,968,0.008200071960894523,1.0,1.0,,,,,
969,817569,969,0.00886879126983146,1.0,1.0,0.0105945779397739,1.0,1.0,,
970,818506,970,0.010681667881735187,1.0,1.0,,,,,
971,819659,971,0.01034882536364865,1.0,1.0,,,,,
972,820396,972,0.006742254855594658,1.0,1.0,,,,,
973,821365,973,0.006897320593709797,1.0,1.0,,,,,
974,822342,974,0.009863106248139391,1.0,1.0,,,,,
975,822999,975,0.00809659197173972,1.0,1.0,,,,,
976,823688,976,0.009289586124108119,1.0,1.0,,,,,
977,824473,977,0.009254588975052262,1.0,1.0,0.010099986384847399,1.0,1.0,,
978,825474,978,0.010292089666688382,1.0,1.0,,,,,
979,826139,979,0.006623055031706212,1.0,1.0,,,,,
980,827148,980,0.007695455373069042,1.0,1.0,,,,,
981,827845,981,0.009495429352790992,1.0,1.0,,,,,
982,828894,982,0.011795685169833146,1.0,1.0,,,,,
983,829719,983,0.009167941395029739,1.0,1.0,,,,,
984,830656,984,0.010431220808839296,1.0,1.0,,,,,
985,831617,985,0.009365271390289006,1.0,1.0,0.00899111341334819,1.0,1.0,,
986,832810,986,0.0078043256126604345,1.0,1.0,,,,,
987,833787,987,0.01062714879514897,1.0,1.0,,,,,
988,834908,988,0.009298524895898854,1.0,1.0,,,,,
989,835509,989,0.008932141170496432,1.0,1.0,,,,,
990,836398,990,0.00828982962597686,1.0,1.0,,,,,
991,836991,991,0.009234594042597705,1.0,1.0,,,,,
992,837688,992,0.008275783190682211,1.0,1.0,,,,,
993,838417,993,0.007181818462736471,1.0,1.0,0.012103045533239183,0.0,0.6666666666666666,,
994,839250,994,0.009822180899015553,1.0,1.0,,,,,
995,839963,995,0.012324312114691153,1.0,1.0,,,,,
996,840612,996,0.010339832297309266,1.0,1.0,,,,,
997,841285,997,0.009292184477757428,1.0,1.0,,,,,
998,841990,998,0.011918428533564089,1.0,1.0,,,,,
999,842735,999,0.00777287506419607,1.0,1.0,,,,,
1000,843592,1000,0.00860499497876755,1.0,1.0,,,,,
1001,844281,1001,0.009727334457367204,1.0,1.0,0.009684023260384044,1.0,1.0,,
1002,845258,1002,0.013916403045234796,1.0,1.0,,,,,
1003,846099,1003,0.009295592999808342,1.0,1.0,,,,,
1004,846708,1004,0.007463556046448038,1.0,1.0,,,,,
1005,847453,1005,0.008943312392112652,1.0,1.0,,,,,
1006,848686,1006,0.008438808296520326,1.0,1.0,,,,,
1007,849543,1007,0.008770336732301903,1.0,1.0,,,,,
1008,850280,1008,0.006843304700130686,1.0,1.0,,,,,
1009,851073,1009,0.008313196419248903,1.0,1.0,0.010166622457994911,0.0,0.6666666666666666,,
1010,851746,1010,0.008998388141924087,1.0,1.0,,,,,
1011,852723,1011,0.011125861523653646,1.0,1.0,,,,,
1012,853524,1012,0.010098815343314409,1.0,1.0,,,,,
1013,854365,1013,0.010641987813567512,1.0,1.0,,,,,
1014,855038,1014,0.009578084271874471,1.0,1.0,,,,,
1015,856095,1015,0.008866216739374525,1.0,1.0,,,,,
1016,856976,1016,0.010139488429058631,1.0,1.0,,,,,
1017,857633,1017,0.00990623256232143,1.0,1.0,0.011612739460849213,1.0,1.0,,
1018,858410,1018,0.00853636561834886,1.0,1.0,,,,,
1019,859243,1019,0.007151966244728191,1.0,1.0,,,,,
1020,860140,1020,0.00684586032723542,1.0,1.0,,,,,
1021,861093,1021,0.008509362934384049,1.0,1.0,,,,,
1022,861910,1022,0.008736481750989813,1.0,1.0,,,,,
1023,862919,1023,0.009263105639856127,1.0,1.0,,,,,
1024,863448,1024,0.00580196225784534,1.0,1.0,,,,,
1025,863993,1025,0.007233902460572006,1.0,1.0,0.01051535535848439,1.0,1.0,,
1026,864850,1026,0.012276858828497791,1.0,1.0,,,,,
1027,865731,1027,0.008014011153326974,1.0,1.0,,,,,
1028,866684,1028,0.006036892140806486,1.0,1.0,,,,,
1029,867805,1029,0.009085084261054695,1.0,1.0,,,,,
1030,868830,1030,0.009953859586547785,1.0,1.0,,,,,
1031,869799,1031,0.009246839507542026,1.0,1.0,,,,,
1032,870560,1032,0.011834060427656067,1.0,1.0,,,,,
1033,871201,1033,0.009989347335984488,1.0,1.0,0.014153603471186335,1.0,1.0,,
1034,872010,1034,0.008169387184243988,1.0,1.0,,,,,
1035,873475,1035,0.009810121069331964,1.0,1.0,,,,,
1036,874484,1036,0.009556961034024194,1.0,1.0,,,,,
1037,875533,1037,0.01525181549157583,1.0,1.0,,,,,
1038,876422,1038,0.011145645670318713,1.0,1.0,,,,,
1039,877151,1039,0.00969126996214511,1.0,1.0,,,,,
1040,878160,1040,0.011278947200253344,1.0,1.0,,,,,
1041,879065,1041,0.009859471006628429,1.0,1.0,0.009070411677341196,1.0,1.0,,
1042,880034,1042,0.010283707946427835,1.0,1.0,,,,,
1043,880867,1043,0.008476816638921414,1.0,1.0,,,,,
1044,881516,1044,0.00952949835431174,1.0,1.0,,,,,
1045,882229,1045,0.00863237902455423,1.0,1.0,,,,,
1046,883126,1046,0.00821331974095702,1.0,1.0,,,,,
1047,883855,1047,0.00678741713031951,1.0,1.0,,,,,
1048,884808,1048,0.009352260406793874,1.0,1.0,,,,,
1049,885641,1049,0.00713625644340699,1.0,1.0,0.013832236755300948,0.0,0.0,,
1050,886370,1050,0.009517652540052905,1.0,1.0,,,,,
1051,887347,1051,0.007776190644043201,1.0,1.0,,,,,
1052,888036,1052,0.008755288040750677,1.0,1.0,,,,,
1053,888749,1053,0.010773928969042657,1.0,1.0,,,,,
1054,889534,1054,0.011371543323803126,1.0,1.0,,,,,
1055,890303,1055,0.0077673866842786765,1.0,1.0,,,,,
1056,891008,1056,0.010193928497374211,1.0,1.0,,,,,
1057,891849,1057,0.01143409407059978,1.0,1.0,0.011904378857714585,1.0,1.0,,
1058,892682,1058,0.009724896671584524,1.0,1.0,,,,,
1059,893211,1059,0.008946333685733089,1.0,1.0,,,,,
1060,894012,1060,0.008939558666780525,1.0,1.0,,,,,
1061,894957,1061,0.009042061494150185,1.0,1.0,,,,,
1062,895838,1062,0.009172296042028238,1.0,1.0,,,,,
1063,896911,1063,0.0089232146609902,1.0,1.0,,,,,
1064,897840,1064,0.013406915044813795,1.0,1.0,,,,,
1065,898625,1065,0.013322897307253376,1.0,1.0,0.010098904336638416,1.0,1.0,,
1066,899322,1066,0.00842497212316999,1.0,1.0,,,,,
1067,900315,1067,0.011436651050727607,1.0,1.0,,,,,
1068,901148,1068,0.0077620600414607735,1.0,1.0,,,,,
1069,902261,1069,0.008031455212657199,1.0,1.0,,,,,
1070,903030,1070,0.010123248552884549,1.0,1.0,,,,,
1071,903815,1071,0.009493311505945512,1.0,1.0,,,,,
1072,904808,1072,0.009122388418357618,1.0,1.0,,,,,
1073,905697,1073,0.009701608521276306,1.0,1.0,0.02180048196483938,0.0,0.0,,
1074,906434,1074,0.007700527530153619,1.0,1.0,,,,,
1075,906939,1075,0.00768435490488942,1.0,1.0,,,,,
1076,907628,1076,0.009942603334147409,1.0,1.0,,,,,
1077,908301,1077,0.009018305329271566,1.0,1.0,,,,,
1078,908934,1078,0.006583010546029588,0.0,0.0,,,,,
1079,909575,1079,0.008811968640724591,1.0,1.0,,,,,
1080,910496,1080,0.008086508178985529,1.0,1.0,,,,,
1081,911057,1081,0.009410558778637123,1.0,1.0,0.0173432066114647,1.0,1.0,,
1082,911642,1082,0.006937949909859064,1.0,1.0,,,,,
1083,912531,1083,0.00874682202015938,1.0,1.0,,,,,
1084,913212,1084,0.007467915447794357,1.0,1.0,,,,,
1085,914245,1085,0.010100592632954998,1.0,1.0,,,,,
1086,915190,1086,0.0056958106846582805,1.0,1.0,,,,,
1087,915775,1087,0.010250789843590591,1.0,1.0,,,,,
1088,916496,1088,0.01094633486177012,1.0,1.0,,,,,
1089,917209,1089,0.008594892303024512,1.0,1.0,0.010281616488126961,1.0,1.0,,
1090,918114,1090,0.00796422328911663,1.0,1.0,,,,,
1091,918715,1091,0.009638659775061056,1.0,1.0,,,,,
1092,919756,1092,0.01005209096180486,1.0,1.0,,,,,
1093,920821,1093,0.007750661219611998,1.0,1.0,,,,,
1094,921766,1094,0.009454929060410391,0.0,0.0,,,,,
1095,922543,1095,0.006616011073202594,1.0,1.0,,,,,
1096,923176,1096,0.009395389476907955,1.0,1.0,,,,,
1097,924081,1097,0.008268484592589742,1.0,1.0,0.01192405040969171,1.0,1.0,,
1098,925154,1098,0.009597555297621829,1.0,1.0,,,,,
1099,926099,1099,0.008107159018643038,1.0,1.0,,,,,
1100,927500,1100,0.0056026307307583,1.0,1.0,,,,,
1101,928189,1101,0.01123601566405324,1.0,1.0,,,,,
1102,928974,1102,0.011216618475786798,1.0,1.0,,,,,
1103,929831,1103,0.011076771525367866,1.0,1.0,,,,,
1104,930792,1104,0.009601814861227584,1.0,1.0,,,,,
1105,931713,1105,0.01057716173086573,1.0,1.0,0.018936661986299314,0.0,0.0,,
1106,932362,1106,0.010631459192850608,1.0,1.0,,,,,
1107,932971,1107,0.006600925197085111,1.0,1.0,,,,,
1108,933804,1108,0.008194304883845625,1.0,1.0,,,,,
1109,934685,1109,0.010634837120408464,1.0,1.0,,,,,
1110,935358,1110,0.008118114075126708,1.0,1.0,,,,,
1111,936463,1111,0.00868851888625466,1.0,1.0,,,,,
1112,937512,1112,0.0069539544814263,1.0,1.0,,,,,
1113,938321,1113,0.007412575734589897,1.0,1.0,0.014333419649259972,1.0,1.0,,
1114,939226,1114,0.0099705309496313,1.0,1.0,,,,,
1115,940427,1115,0.0108936124663115,1.0,1.0,,,,,
1116,941340,1116,0.009993148656040302,1.0,1.0,,,,,
1117,941893,1117,0.008507047633486944,1.0,1.0,,,,,
1118,942558,1118,0.009331816200793123,1.0,1.0,,,,,
1119,943495,1119,0.010216039231710706,1.0,1.0,,,,,
1120,944200,1120,0.00850872737927689,1.0,1.0,,,,,
1121,945009,1121,0.0074990148807955554,1.0,1.0,0.011953786507836297,0.0,0.0,,
1122,946018,1122,0.011246220233166241,1.0,1.0,,,,,
1123,946859,1123,0.008978326652767075,1.0,1.0,,,,,
1124,947516,1124,0.0076100547494432095,1.0,1.0,,,,,
1125,948597,1125,0.011576474486201572,1.0,1.0,,,,,
1126,949454,1126,0.008668235074293576,1.0,1.0,,,,,
1127,950463,1127,0.012747397857431519,1.0,1.0,,,,,
1128,951568,1128,0.007975696330338204,1.0,1.0,,,,,
1129,952265,1129,0.011684887598791247,1.0,1.0,0.01617712408516592,0.0,0.0,,
1130,952898,1130,0.011802486638677726,1.0,1.0,,,,,
1131,953723,1131,0.009113879223964864,1.0,1.0,,,,,
1132,954484,1132,0.009000631804772029,1.0,1.0,,,,,
1133,955141,1133,0.009046873456155971,1.0,1.0,,,,,
1134,955822,1134,0.009754829876059322,1.0,1.0,,,,,
1135,956591,1135,0.00946556224773383,1.0,1.0,,,,,
1136,957384,1136,0.011074938117421395,1.0,1.0,,,,,
1137,958177,1137,0.013570332234691321,1.0,1.0,0.019108300764851403,0.0,0.0,,
1138,959218,1138,0.010011311235602938,1.0,1.0,,,,,
1139,960123,1139,0.009479175861829602,1.0,1.0,,,,,
1140,961116,1140,0.011637655828766557,1.0,1.0,,,,,
1141,962069,1141,0.010365260871104561,1.0,1.0,,,,,
1142,962766,1142,0.009456588488072463,1.0,1.0,,,,,
1143,963767,1143,0.014716610321369441,1.0,1.0,,,,,
1144,964664,1144,0.010038665639399704,1.0,1.0,,,,,
1145,965569,1145,0.00979282574199109,1.0,1.0,0.010935681304987966,1.0,1.0,,
1146,966602,1146,0.0071214986978125425,1.0,1.0,,,,,
1147,967259,1147,0.009386053619366773,1.0,1.0,,,,,
1148,968188,1148,0.009189710580163735,1.0,1.0,,,,,
1149,968829,1149,0.0052737627779863025,1.0,1.0,,,,,
1150,969542,1150,0.009164821418085894,1.0,1.0,,,,,
1151,970335,1151,0.010525840397902725,1.0,1.0,,,,,
1152,971328,1152,0.010160024066260724,1.0,1.0,,,,,
1153,972233,1153,0.008845559271861548,1.0,1.0,0.010201347852286408,1.0,1.0,,
1154,973194,1154,0.011097465413971112,1.0,1.0,,,,,
1155,973931,1155,0.011241670400884026,1.0,1.0,,,,,
1156,974788,1156,0.008574665578744069,1.0,1.0,,,,,
1157,975701,1157,0.010451942627933317,1.0,1.0,,,,,
1158,976798,1158,0.009153852393731033,1.0,1.0,,,,,
1159,977695,1159,0.009699589425514564,1.0,1.0,,,,,
1160,978528,1160,0.008931191135247917,1.0,1.0,,,,,
1161,979585,1161,0.010099916215499691,1.0,1.0,0.011492722233426294,1.0,1.0,,
1162,980698,1162,0.010746632522878786,1.0,1.0,,,,,
1163,981427,1163,0.008175381522388985,1.0,1.0,,,,,
1164,982396,1164,0.010119034736956628,1.0,1.0,,,,,
1165,983061,1165,0.008862136436145236,1.0,1.0,,,,,
1166,983710,1166,0.01026593595389207,1.0,1.0,,,,,
1167,984591,1167,0.009673656176213042,1.0,1.0,,,,,
1168,985368,1168,0.007472469857887524,1.0,1.0,,,,,
1169,985985,1169,0.008724743937121093,1.0,1.0,0.012656374440633738,1.0,1.0,,
1170,987106,1170,0.005724337975358701,1.0,1.0,,,,,
1171,988267,1171,0.01302709953931229,1.0,1.0,,,,,
1172,989012,1172,0.011719415705098464,1.0,1.0,,,,,
1173,989901,1173,0.009157314373182054,1.0,1.0,,,,,
1174,990582,1174,0.00945734611567086,1.0,1.0,,,,,
1175,991335,1175,0.007629910815101622,1.0,1.0,,,,,
1176,992128,1176,0.008258050144445311,1.0,1.0,,,,,
1177,992801,1177,0.006393312321151991,1.0,1.0,0.01336577422040268,1.0,1.0,,
1178,993482,1178,0.0071576928070324,1.0,1.0,,,,,
1179,994339,1179,0.006734878274746395,1.0,1.0,,,,,
1180,995540,1180,0.009466728063254477,1.0,1.0,,,,,
1181,996213,1181,0.00950839510788188,1.0,1.0,,,,,
1182,996942,1182,0.007035497681422625,1.0,1.0,,,,,
1183,997855,1183,0.011546505784990465,1.0,1.0,,,,,
1184,998728,1184,0.007441471279203955,1.0,1.0,,,,,
1185,999929,1185,0.01436894797140435,1.0,1.0,0.010046488297620514,0.0,0.0,,
1186,1000818,1186,0.0067220637781085744,1.0,1.0,,,,,
1187,1001603,1187,0.011348950474446168,1.0,1.0,,,,,
1188,1002308,1188,0.010763092546893204,1.0,1.0,,,,,
1189,1003141,1189,0.0088480351344375,1.0,1.0,,,,,
1190,1004030,1190,0.007605558814235539,1.0,1.0,,,,,
1191,1005023,1191,0.00839618611093318,1.0,1.0,,,,,
1192,1005856,1192,0.010679823217843682,1.0,1.0,,,,,
1193,1006753,1193,0.010311686046150943,1.0,1.0,0.009420170085369033,1.0,1.0,,
1194,1007642,1194,0.009914072897654912,1.0,1.0,,,,,
1195,1008459,1195,0.009066011085234298,1.0,1.0,,,,,
1196,1009524,1196,0.011555695871823748,1.0,1.0,,,,,
1197,1010405,1197,0.007432273801251199,1.0,1.0,,,,,
1198,1011054,1198,0.008497081663838462,1.0,1.0,,,,,
1199,1011839,1199,0.008361370850157283,1.0,1.0,,,,,
1200,1012760,1200,0.008335015822044692,1.0,1.0,,,,,
1201,1013473,1201,0.00916648386737772,1.0,1.0,0.019822154136646692,0.0,0.0,,
1202,1014378,1202,0.00795068172429709,1.0,1.0,,,,0.6499999761581421,0.6447931442080378

